{
  "name": "CAULIFLOWER",
  "foodNutrients": [
    {
      "nutrientName": "Protein",
      "value": 2.35
    },
    {
      "nutrientName": "Total lipid (fat)",
      "value": 0.0
    },
    {
      "nutrientName": "Carbohydrate, by difference",
      "value": 4.71
    },
    {
      "nutrientName": "Energy",
      "value": 24.0
    },
    {
      "nutrientName": "Total Sugars",
      "value": 2.35
    },
    {
      "nutrientName": "Fiber, total dietary",
      "value": 2.4
    },
    {
      "nutrientName": "Calcium, Ca",
      "value": 24.0
    },
    {
      "nutrientName": "Iron, Fe",
      "value": 0.59
    },
    {
      "nutrientName": "Potassium, K",
      "value": 188
    },
    {
      "nutrientName": "Sodium, Na",
      "value": 24.0
    },
    {
      "nutrientName": "Vitamin D (D2 + D3), International Units",
      "value": 0.0
    },
    {
      "nutrientName": "Cholesterol",
      "value": 0.0
    },
    {
      "nutrientName": "Fatty acids, total trans",
      "value": 0.0
    },
    {
      "nutrientName": "Fatty acids, total saturated",
      "value": 0.0
    }
  ]
}