{
  "name": "Cornstarch",
  "foodNutrients": [
    {
      "nutrientName": "Folic acid",
      "value": 0.0
    },
    {
      "nutrientName": "SFA 8:0",
      "value": 0.0
    },
    {
      "nutrientName": "SFA 12:0",
      "value": 0.0
    },
    {
      "nutrientName": "SFA 14:0",
      "value": 0.0
    },
    {
      "nutrientName": "PUFA 22:6 n-3 (DHA)",
      "value": 0.0
    },
    {
      "nutrientName": "MUFA 16:1",
      "value": 0.0
    },
    {
      "nutrientName": "PUFA 20:5 n-3 (EPA)",
      "value": 0.0
    },
    {
      "nutrientName": "PUFA 22:5 n-3 (DPA)",
      "value": 0.0
    },
    {
      "nutrientName": "SFA 4:0",
      "value": 0.0
    },
    {
      "nutrientName": "SFA 6:0",
      "value": 0.0
    },
    {
      "nutrientName": "SFA 10:0",
      "value": 0.0
    },
    {
      "nutrientName": "PUFA 20:4",
      "value": 0.0
    },
    {
      "nutrientName": "PUFA 18:4",
      "value": 0.0
    },
    {
      "nutrientName": "MUFA 20:1",
      "value": 0.0
    },
    {
      "nutrientName": "MUFA 22:1",
      "value": 0.0
    },
    {
      "nutrientName": "Folate, food",
      "value": 0.0
    },
    {
      "nutrientName": "Vitamin A, RAE",
      "value": 0.0
    },
    {
      "nutrientName": "Energy",
      "value": 381
    },
    {
      "nutrientName": "Folate, DFE",
      "value": 0.0
    },
    {
      "nutrientName": "Choline, total",
      "value": 0.4
    },
    {
      "nutrientName": "Vitamin D (D2 + D3), International Units",
      "value": 0.0
    },
    {
      "nutrientName": "Alcohol, ethyl",
      "value": 0.0
    },
    {
      "nutrientName": "Retinol",
      "value": 0.0
    },
    {
      "nutrientName": "Cryptoxanthin, beta",
      "value": 0.0
    },
    {
      "nutrientName": "Carotene, beta",
      "value": 0.0
    },
    {
      "nutrientName": "Carotene, alpha",
      "value": 0.0
    },
    {
      "nutrientName": "Vitamin K (phylloquinone)",
      "value": 0.0
    },
    {
      "nutrientName": "Lycopene",
      "value": 0.0
    },
    {
      "nutrientName": "Tocopherol, delta",
      "value": 0.0
    },
    {
      "nutrientName": "Tocotrienol, gamma",
      "value": 0.0
    },
    {
      "nutrientName": "Tocotrienol, delta",
      "value": 0.0
    },
    {
      "nutrientName": "Caffeine",
      "value": 0.0
    },
    {
      "nutrientName": "Theobromine",
      "value": 0.0
    },
    {
      "nutrientName": "Total Sugars",
      "value": 0.0
    },
    {
      "nutrientName": "Lutein + zeaxanthin",
      "value": 0.0
    },
    {
      "nutrientName": "Tocopherol, beta",
      "value": 0.0
    },
    {
      "nutrientName": "Tocopherol, gamma",
      "value": 0.0
    },
    {
      "nutrientName": "Tocotrienol, alpha",
      "value": 0.0
    },
    {
      "nutrientName": "Tocotrienol, beta",
      "value": 0.0
    },
    {
      "nutrientName": "Vitamin E (alpha-tocopherol)",
      "value": 0.0
    },
    {
      "nutrientName": "Vitamin E, added",
      "value": 0.0
    },
    {
      "nutrientName": "Vitamin B-12, added",
      "value": 0.0
    },
    {
      "nutrientName": "Total lipid (fat)",
      "value": 0.05
    },
    {
      "nutrientName": "Carbohydrate, by difference",
      "value": 91.3
    },
    {
      "nutrientName": "Water",
      "value": 8.32
    },
    {
      "nutrientName": "Calcium, Ca",
      "value": 2.0
    },
    {
      "nutrientName": "Potassium, K",
      "value": 3.0
    },
    {
      "nutrientName": "Zinc, Zn",
      "value": 0.06
    },
    {
      "nutrientName": "Niacin",
      "value": 0.0
    },
    {
      "nutrientName": "Pantothenic acid",
      "value": 0.0
    },
    {
      "nutrientName": "Vitamin B-6",
      "value": 0.0
    },
    {
      "nutrientName": "Isoleucine",
      "value": 0.01
    },
    {
      "nutrientName": "Leucine",
      "value": 0.036
    },
    {
      "nutrientName": "Lysine",
      "value": 0.006
    },
    {
      "nutrientName": "Cystine",
      "value": 0.006
    },
    {
      "nutrientName": "Valine",
      "value": 0.014
    },
    {
      "nutrientName": "Arginine",
      "value": 0.012
    },
    {
      "nutrientName": "Histidine",
      "value": 0.008
    },
    {
      "nutrientName": "Aspartic acid",
      "value": 0.02
    },
    {
      "nutrientName": "Serine",
      "value": 0.012
    },
    {
      "nutrientName": "SFA 16:0",
      "value": 0.009
    },
    {
      "nutrientName": "SFA 18:0",
      "value": 0.001
    },
    {
      "nutrientName": "MUFA 18:1",
      "value": 0.016
    },
    {
      "nutrientName": "PUFA 18:2",
      "value": 0.025
    },
    {
      "nutrientName": "PUFA 18:3",
      "value": 0.0
    },
    {
      "nutrientName": "Fatty acids, total monounsaturated",
      "value": 0.016
    },
    {
      "nutrientName": "Fatty acids, total polyunsaturated",
      "value": 0.025
    },
    {
      "nutrientName": "Protein",
      "value": 0.26
    },
    {
      "nutrientName": "Ash",
      "value": 0.09
    },
    {
      "nutrientName": "Fiber, total dietary",
      "value": 0.9
    },
    {
      "nutrientName": "Iron, Fe",
      "value": 0.47
    },
    {
      "nutrientName": "Magnesium, Mg",
      "value": 3.0
    },
    {
      "nutrientName": "Phosphorus, P",
      "value": 13.0
    },
    {
      "nutrientName": "Sodium, Na",
      "value": 9.0
    },
    {
      "nutrientName": "Copper, Cu",
      "value": 0.05
    },
    {
      "nutrientName": "Manganese, Mn",
      "value": 0.053
    },
    {
      "nutrientName": "Vitamin A, IU",
      "value": 0.0
    },
    {
      "nutrientName": "Cholesterol",
      "value": 0.0
    },
    {
      "nutrientName": "Fatty acids, total saturated",
      "value": 0.009
    },
    {
      "nutrientName": "Vitamin C, total ascorbic acid",
      "value": 0.0
    },
    {
      "nutrientName": "Thiamin",
      "value": 0.0
    },
    {
      "nutrientName": "Riboflavin",
      "value": 0.0
    },
    {
      "nutrientName": "Folate, total",
      "value": 0.0
    },
    {
      "nutrientName": "Vitamin B-12",
      "value": 0.0
    },
    {
      "nutrientName": "Tryptophan",
      "value": 0.001
    },
    {
      "nutrientName": "Threonine",
      "value": 0.009
    },
    {
      "nutrientName": "Methionine",
      "value": 0.006
    },
    {
      "nutrientName": "Phenylalanine",
      "value": 0.013
    },
    {
      "nutrientName": "Tyrosine",
      "value": 0.01
    },
    {
      "nutrientName": "Alanine",
      "value": 0.019
    },
    {
      "nutrientName": "Glutamic acid",
      "value": 0.053
    },
    {
      "nutrientName": "Glycine",
      "value": 0.009
    },
    {
      "nutrientName": "Proline",
      "value": 0.024
    },
    {
      "nutrientName": "Vitamin D (D2 + D3)",
      "value": 0.0
    },
    {
      "nutrientName": "Selenium, Se",
      "value": 2.8
    }
  ]
}