{
  "name": "SWEET MANIOC STARCH",
  "foodNutrients": [
    {
      "nutrientName": "Protein",
      "value": 0.0
    },
    {
      "nutrientName": "Total lipid (fat)",
      "value": 0.0
    },
    {
      "nutrientName": "Carbohydrate, by difference",
      "value": 85.0
    },
    {
      "nutrientName": "Energy",
      "value": 340
    },
    {
      "nutrientName": "Fiber, total dietary",
      "value": 0.0
    },
    {
      "nutrientName": "Sodium, Na",
      "value": 0.0
    },
    {
      "nutrientName": "Fatty acids, total saturated",
      "value": 0.0
    }
  ]
}