{
  "name": "RICE FLOUR",
  "foodNutrients": [
    {
      "nutrientName": "Protein",
      "value": 7.69
    },
    {
      "nutrientName": "Total lipid (fat)",
      "value": 0.0
    },
    {
      "nutrientName": "Carbohydrate, by difference",
      "value": 80.8
    },
    {
      "nutrientName": "Energy",
      "value": 346
    },
    {
      "nutrientName": "Total Sugars",
      "value": 3.85
    },
    {
      "nutrientName": "Fiber, total dietary",
      "value": 0.0
    },
    {
      "nutrientName": "Sodium, Na",
      "value": 0.0
    },
    {
      "nutrientName": "Cholesterol",
      "value": 0.0
    },
    {
      "nutrientName": "Fatty acids, total trans",
      "value": 0.0
    },
    {
      "nutrientName": "Fatty acids, total saturated",
      "value": 0.0
    }
  ]
}