{
    "fdcId": 2710074,
    "description": "Cauliflower, pickled",
    "commonNames": "",
    "additionalDescriptions": "",
    "dataType": "Survey (FNDDS)",
    "foodCode": 75502010,
    "publishedDate": "2024-10-31",
    "foodCategory": "Olives, pickles, pickled vegetables",
    "foodCategoryId": 3307696,
    "allHighlightFields": "",
    "score": 399.9827,
    "microbes": [],
    "foodNutrients": [
        {
            "nutrientId": 1003,
            "nutrientName": "Protein",
            "nutrientNumber": "203",
            "unitName": "G",
            "value": 1.59,
            "rank": 600,
            "indentLevel": 1,
            "foodNutrientId": 34441009
        },
        {
            "nutrientId": 1004,
            "nutrientName": "Total lipid (fat)",
            "nutrientNumber": "204",
            "unitName": "G",
            "value": 0.25,
            "rank": 800,
            "indentLevel": 1,
            "foodNutrientId": 34441010
        },
        {
            "nutrientId": 1005,
            "nutrientName": "Carbohydrate, by difference",
            "nutrientNumber": "205",
            "unitName": "G",
            "value": 8.98,
            "rank": 1110,
            "indentLevel": 2,
            "foodNutrientId": 34441011
        },
        {
            "nutrientId": 1008,
            "nutrientName": "Energy",
            "nutrientNumber": "208",
            "unitName": "KCAL",
            "value": 41,
            "rank": 300,
            "indentLevel": 1,
            "foodNutrientId": 34441012
        },
        {
            "nutrientId": 1018,
            "nutrientName": "Alcohol, ethyl",
            "nutrientNumber": "221",
            "unitName": "G",
            "value": 0,
            "rank": 18200,
            "indentLevel": 1,
            "foodNutrientId": 34441013
        },
        {
            "nutrientId": 1051,
            "nutrientName": "Water",
            "nutrientNumber": "255",
            "unitName": "G",
            "value": 85.86,
            "rank": 100,
            "indentLevel": 1,
            "foodNutrientId": 34441014
        },
        {
            "nutrientId": 1057,
            "nutrientName": "Caffeine",
            "nutrientNumber": "262",
            "unitName": "MG",
            "value": 0,
            "rank": 18300,
            "indentLevel": 0,
            "foodNutrientId": 34441015
        },
        {
            "nutrientId": 1058,
            "nutrientName": "Theobromine",
            "nutrientNumber": "263",
            "unitName": "MG",
            "value": 0,
            "rank": 18400,
            "indentLevel": 0,
            "foodNutrientId": 34441016
        },
        {
            "nutrientId": 2000,
            "nutrientName": "Total Sugars",
            "nutrientNumber": "269",
            "unitName": "G",
            "value": 6.45,
            "rank": 1510,
            "indentLevel": 3,
            "foodNutrientId": 34441017
        },
        {
            "nutrientId": 1079,
            "nutrientName": "Fiber, total dietary",
            "nutrientNumber": "291",
            "unitName": "G",
            "value": 1.7,
            "rank": 1200,
            "indentLevel": 3,
            "foodNutrientId": 34441018
        },
        {
            "nutrientId": 1087,
            "nutrientName": "Calcium, Ca",
            "nutrientNumber": "301",
            "unitName": "MG",
            "value": 20,
            "rank": 5300,
            "indentLevel": 1,
            "foodNutrientId": 34441019
        },
        {
            "nutrientId": 1089,
            "nutrientName": "Iron, Fe",
            "nutrientNumber": "303",
            "unitName": "MG",
            "value": 0.35,
            "rank": 5400,
            "indentLevel": 1,
            "foodNutrientId": 34441020
        },
        {
            "nutrientId": 1090,
            "nutrientName": "Magnesium, Mg",
            "nutrientNumber": "304",
            "unitName": "MG",
            "value": 13,
            "rank": 5500,
            "indentLevel": 1,
            "foodNutrientId": 34441021
        },
        {
            "nutrientId": 1091,
            "nutrientName": "Phosphorus, P",
            "nutrientNumber": "305",
            "unitName": "MG",
            "value": 37,
            "rank": 5600,
            "indentLevel": 1,
            "foodNutrientId": 34441022
        },
        {
            "nutrientId": 1092,
            "nutrientName": "Potassium, K",
            "nutrientNumber": "306",
            "unitName": "MG",
            "value": 248,
            "rank": 5700,
            "indentLevel": 1,
            "foodNutrientId": 34441023
        },
        {
            "nutrientId": 1093,
            "nutrientName": "Sodium, Na",
            "nutrientNumber": "307",
            "unitName": "MG",
            "value": 969,
            "rank": 5800,
            "indentLevel": 1,
            "foodNutrientId": 34441024
        },
        {
            "nutrientId": 1095,
            "nutrientName": "Zinc, Zn",
            "nutrientNumber": "309",
            "unitName": "MG",
            "value": 0.22,
            "rank": 5900,
            "indentLevel": 1,
            "foodNutrientId": 34441025
        },
        {
            "nutrientId": 1098,
            "nutrientName": "Copper, Cu",
            "nutrientNumber": "312",
            "unitName": "MG",
            "value": 0.033,
            "rank": 6000,
            "indentLevel": 1,
            "foodNutrientId": 34441026
        },
        {
            "nutrientId": 1103,
            "nutrientName": "Selenium, Se",
            "nutrientNumber": "317",
            "unitName": "UG",
            "value": 0.6,
            "rank": 6200,
            "indentLevel": 1,
            "foodNutrientId": 34441027
        },
        {
            "nutrientId": 1105,
            "nutrientName": "Retinol",
            "nutrientNumber": "319",
            "unitName": "UG",
            "value": 0,
            "rank": 7430,
            "indentLevel": 2,
            "foodNutrientId": 34441028
        },
        {
            "nutrientId": 1106,
            "nutrientName": "Vitamin A, RAE",
            "nutrientNumber": "320",
            "unitName": "UG",
            "value": 0,
            "rank": 7420,
            "indentLevel": 1,
            "foodNutrientId": 34441029
        },
        {
            "nutrientId": 1107,
            "nutrientName": "Carotene, beta",
            "nutrientNumber": "321",
            "unitName": "UG",
            "value": 0,
            "rank": 7440,
            "indentLevel": 2,
            "foodNutrientId": 34441030
        },
        {
            "nutrientId": 1108,
            "nutrientName": "Carotene, alpha",
            "nutrientNumber": "322",
            "unitName": "UG",
            "value": 0,
            "rank": 7450,
            "indentLevel": 2,
            "foodNutrientId": 34441031
        },
        {
            "nutrientId": 1109,
            "nutrientName": "Vitamin E (alpha-tocopherol)",
            "nutrientNumber": "323",
            "unitName": "MG",
            "value": 0.07,
            "rank": 7905,
            "indentLevel": 1,
            "foodNutrientId": 34441032
        },
        {
            "nutrientId": 1114,
            "nutrientName": "Vitamin D (D2 + D3)",
            "nutrientNumber": "328",
            "unitName": "UG",
            "value": 0,
            "rank": 8700,
            "indentLevel": 1,
            "foodNutrientId": 34441033
        },
        {
            "nutrientId": 1120,
            "nutrientName": "Cryptoxanthin, beta",
            "nutrientNumber": "334",
            "unitName": "UG",
            "value": 0,
            "rank": 7460,
            "indentLevel": 2,
            "foodNutrientId": 34441034
        },
        {
            "nutrientId": 1122,
            "nutrientName": "Lycopene",
            "nutrientNumber": "337",
            "unitName": "UG",
            "value": 0,
            "rank": 7530,
            "indentLevel": 1,
            "foodNutrientId": 34441035
        },
        {
            "nutrientId": 1123,
            "nutrientName": "Lutein + zeaxanthin",
            "nutrientNumber": "338",
            "unitName": "UG",
            "value": 1,
            "rank": 7560,
            "indentLevel": 1,
            "foodNutrientId": 34441036
        },
        {
            "nutrientId": 1162,
            "nutrientName": "Vitamin C, total ascorbic acid",
            "nutrientNumber": "401",
            "unitName": "MG",
            "value": 34,
            "rank": 6300,
            "indentLevel": 1,
            "foodNutrientId": 34441037
        },
        {
            "nutrientId": 1165,
            "nutrientName": "Thiamin",
            "nutrientNumber": "404",
            "unitName": "MG",
            "value": 0.037,
            "rank": 6400,
            "indentLevel": 1,
            "foodNutrientId": 34441038
        },
        {
            "nutrientId": 1166,
            "nutrientName": "Riboflavin",
            "nutrientNumber": "405",
            "unitName": "MG",
            "value": 0.048,
            "rank": 6500,
            "indentLevel": 1,
            "foodNutrientId": 34441039
        },
        {
            "nutrientId": 1167,
            "nutrientName": "Niacin",
            "nutrientNumber": "406",
            "unitName": "MG",
            "value": 0.399,
            "rank": 6600,
            "indentLevel": 1,
            "foodNutrientId": 34441040
        },
        {
            "nutrientId": 1175,
            "nutrientName": "Vitamin B-6",
            "nutrientNumber": "415",
            "unitName": "MG",
            "value": 0.137,
            "rank": 6800,
            "indentLevel": 1,
            "foodNutrientId": 34441041
        },
        {
            "nutrientId": 1177,
            "nutrientName": "Folate, total",
            "nutrientNumber": "417",
            "unitName": "UG",
            "value": 40,
            "rank": 6900,
            "indentLevel": 1,
            "foodNutrientId": 34441042
        },
        {
            "nutrientId": 1178,
            "nutrientName": "Vitamin B-12",
            "nutrientNumber": "418",
            "unitName": "UG",
            "value": 0,
            "rank": 7300,
            "indentLevel": 1,
            "foodNutrientId": 34441043
        },
        {
            "nutrientId": 1180,
            "nutrientName": "Choline, total",
            "nutrientNumber": "421",
            "unitName": "MG",
            "value": 36.7,
            "rank": 7220,
            "indentLevel": 1,
            "foodNutrientId": 34441044
        },
        {
            "nutrientId": 1185,
            "nutrientName": "Vitamin K (phylloquinone)",
            "nutrientNumber": "430",
            "unitName": "UG",
            "value": 12.9,
            "rank": 8800,
            "indentLevel": 1,
            "foodNutrientId": 34441045
        },
        {
            "nutrientId": 1186,
            "nutrientName": "Folic acid",
            "nutrientNumber": "431",
            "unitName": "UG",
            "value": 0,
            "rank": 7000,
            "indentLevel": 0,
            "foodNutrientId": 34441046
        },
        {
            "nutrientId": 1187,
            "nutrientName": "Folate, food",
            "nutrientNumber": "432",
            "unitName": "UG",
            "value": 40,
            "rank": 7100,
            "indentLevel": 1,
            "foodNutrientId": 34441047
        },
        {
            "nutrientId": 1190,
            "nutrientName": "Folate, DFE",
            "nutrientNumber": "435",
            "unitName": "UG",
            "value": 40,
            "rank": 7200,
            "indentLevel": 1,
            "foodNutrientId": 34441048
        },
        {
            "nutrientId": 1242,
            "nutrientName": "Vitamin E, added",
            "nutrientNumber": "573",
            "unitName": "MG",
            "value": 0,
            "rank": 7920,
            "indentLevel": 0,
            "foodNutrientId": 34441049
        },
        {
            "nutrientId": 1246,
            "nutrientName": "Vitamin B-12, added",
            "nutrientNumber": "578",
            "unitName": "UG",
            "value": 0,
            "rank": 7340,
            "indentLevel": 0,
            "foodNutrientId": 34441050
        },
        {
            "nutrientId": 1253,
            "nutrientName": "Cholesterol",
            "nutrientNumber": "601",
            "unitName": "MG",
            "value": 0,
            "rank": 15700,
            "indentLevel": 1,
            "foodNutrientId": 34441051
        },
        {
            "nutrientId": 1258,
            "nutrientName": "Fatty acids, total saturated",
            "nutrientNumber": "606",
            "unitName": "G",
            "value": 0.108,
            "rank": 9700,
            "indentLevel": 1,
            "foodNutrientId": 34441052
        },
        {
            "nutrientId": 1259,
            "nutrientName": "SFA 4:0",
            "nutrientNumber": "607",
            "unitName": "G",
            "value": 0,
            "rank": 9800,
            "indentLevel": 2,
            "foodNutrientId": 34441053
        },
        {
            "nutrientId": 1260,
            "nutrientName": "SFA 6:0",
            "nutrientNumber": "608",
            "unitName": "G",
            "value": 0,
            "rank": 9900,
            "indentLevel": 2,
            "foodNutrientId": 34441054
        },
        {
            "nutrientId": 1261,
            "nutrientName": "SFA 8:0",
            "nutrientNumber": "609",
            "unitName": "G",
            "value": 0,
            "rank": 10000,
            "indentLevel": 2,
            "foodNutrientId": 34441055
        },
        {
            "nutrientId": 1262,
            "nutrientName": "SFA 10:0",
            "nutrientNumber": "610",
            "unitName": "G",
            "value": 0.015,
            "rank": 10100,
            "indentLevel": 2,
            "foodNutrientId": 34441056
        },
        {
            "nutrientId": 1263,
            "nutrientName": "SFA 12:0",
            "nutrientNumber": "611",
            "unitName": "G",
            "value": 0,
            "rank": 10300,
            "indentLevel": 2,
            "foodNutrientId": 34441057
        },
        {
            "nutrientId": 1264,
            "nutrientName": "SFA 14:0",
            "nutrientNumber": "612",
            "unitName": "G",
            "value": 0,
            "rank": 10500,
            "indentLevel": 2,
            "foodNutrientId": 34441058
        },
        {
            "nutrientId": 1265,
            "nutrientName": "SFA 16:0",
            "nutrientNumber": "613",
            "unitName": "G",
            "value": 0.077,
            "rank": 10700,
            "indentLevel": 2,
            "foodNutrientId": 34441059
        },
        {
            "nutrientId": 1266,
            "nutrientName": "SFA 18:0",
            "nutrientNumber": "614",
            "unitName": "G",
            "value": 0.007,
            "rank": 10900,
            "indentLevel": 2,
            "foodNutrientId": 34441060
        },
        {
            "nutrientId": 1268,
            "nutrientName": "MUFA 18:1",
            "nutrientNumber": "617",
            "unitName": "G",
            "value": 0.022,
            "rank": 12100,
            "indentLevel": 2,
            "foodNutrientId": 34441061
        },
        {
            "nutrientId": 1269,
            "nutrientName": "PUFA 18:2",
            "nutrientNumber": "618",
            "unitName": "G",
            "value": 0.013,
            "rank": 13100,
            "indentLevel": 2,
            "foodNutrientId": 34441062
        },
        {
            "nutrientId": 1270,
            "nutrientName": "PUFA 18:3",
            "nutrientNumber": "619",
            "unitName": "G",
            "value": 0.012,
            "rank": 13900,
            "indentLevel": 2,
            "foodNutrientId": 34441063
        },
        {
            "nutrientId": 1271,
            "nutrientName": "PUFA 20:4",
            "nutrientNumber": "620",
            "unitName": "G",
            "value": 0,
            "rank": 14700,
            "indentLevel": 2,
            "foodNutrientId": 34441064
        },
        {
            "nutrientId": 1272,
            "nutrientName": "PUFA 22:6 n-3 (DHA)",
            "nutrientNumber": "621",
            "unitName": "G",
            "value": 0,
            "rank": 15300,
            "indentLevel": 2,
            "foodNutrientId": 34441065
        },
        {
            "nutrientId": 1275,
            "nutrientName": "MUFA 16:1",
            "nutrientNumber": "626",
            "unitName": "G",
            "value": 0.002,
            "rank": 11700,
            "indentLevel": 2,
            "foodNutrientId": 34441066
        },
        {
            "nutrientId": 1276,
            "nutrientName": "PUFA 18:4",
            "nutrientNumber": "627",
            "unitName": "G",
            "value": 0,
            "rank": 14250,
            "indentLevel": 2,
            "foodNutrientId": 34441067
        },
        {
            "nutrientId": 1277,
            "nutrientName": "MUFA 20:1",
            "nutrientNumber": "628",
            "unitName": "G",
            "value": 0,
            "rank": 12400,
            "indentLevel": 2,
            "foodNutrientId": 34441068
        },
        {
            "nutrientId": 1278,
            "nutrientName": "PUFA 20:5 n-3 (EPA)",
            "nutrientNumber": "629",
            "unitName": "G",
            "value": 0,
            "rank": 15000,
            "indentLevel": 2,
            "foodNutrientId": 34441069
        },
        {
            "nutrientId": 1279,
            "nutrientName": "MUFA 22:1",
            "nutrientNumber": "630",
            "unitName": "G",
            "value": 0,
            "rank": 12500,
            "indentLevel": 2,
            "foodNutrientId": 34441070
        },
        {
            "nutrientId": 1280,
            "nutrientName": "PUFA 22:5 n-3 (DPA)",
            "nutrientNumber": "631",
            "unitName": "G",
            "value": 0,
            "rank": 15200,
            "indentLevel": 2,
            "foodNutrientId": 34441071
        },
        {
            "nutrientId": 1292,
            "nutrientName": "Fatty acids, total monounsaturated",
            "nutrientNumber": "645",
            "unitName": "G",
            "value": 0.028,
            "rank": 11400,
            "indentLevel": 1,
            "foodNutrientId": 34441072
        },
        {
            "nutrientId": 1293,
            "nutrientName": "Fatty acids, total polyunsaturated",
            "nutrientNumber": "646",
            "unitName": "G",
            "value": 0.026,
            "rank": 12900,
            "indentLevel": 1,
            "foodNutrientId": 34441073
        }
    ],
    "finalFoodInputFoods": [
        {
            "foodDescription": "Cauliflower, raw",
            "gramWeight": 85,
            "id": 141207,
            "portionCode": "0",
            "portionDescription": "NONE",
            "unit": "GM",
            "rank": 1,
            "retentionCode": 3776,
            "srCode": 11135,
            "value": 85.0
        },
        {
            "foodDescription": "Sugars, granulated",
            "gramWeight": 5,
            "id": 141210,
            "portionCode": "0",
            "portionDescription": "NONE",
            "unit": "GM",
            "rank": 4,
            "retentionCode": 0,
            "srCode": 19335,
            "value": 5.0
        },
        {
            "foodDescription": "Vinegar, distilled",
            "gramWeight": 5,
            "id": 141208,
            "portionCode": "0",
            "portionDescription": "NONE",
            "unit": "GM",
            "rank": 2,
            "retentionCode": 0,
            "srCode": 2053,
            "value": 5.0
        },
        {
            "foodDescription": "Beverages, water, tap, municipal",
            "gramWeight": 5,
            "id": 141209,
            "portionCode": "0",
            "portionDescription": "NONE",
            "unit": "GM",
            "rank": 3,
            "retentionCode": 0,
            "srCode": 14429,
            "value": 5.0
        },
        {
            "foodDescription": "Salt, table",
            "gramWeight": 2.5,
            "id": 141211,
            "portionCode": "0",
            "portionDescription": "NONE",
            "unit": "GM",
            "rank": 5,
            "retentionCode": 0,
            "srCode": 2047,
            "value": 2.5
        }
    ],
    "foodMeasures": [
        {
            "disseminationText": "1 floweret",
            "gramWeight": 13,
            "id": 309136,
            "modifier": "60782",
            "rank": 2,
            "measureUnitAbbreviation": "undetermined",
            "measureUnitName": "undetermined",
            "measureUnitId": 9999
        },
        {
            "disseminationText": "Quantity not specified",
            "gramWeight": 30,
            "id": 309137,
            "modifier": "90000",
            "rank": 3,
            "measureUnitAbbreviation": "undetermined",
            "measureUnitName": "undetermined",
            "measureUnitId": 9999
        },
        {
            "disseminationText": "1 cup",
            "gramWeight": 125,
            "id": 309135,
            "modifier": "10205",
            "rank": 1,
            "measureUnitAbbreviation": "undetermined",
            "measureUnitName": "undetermined",
            "measureUnitId": 9999
        }
    ],
    "foodAttributes": [
        {
            "value": "8408",
            "name": "WWEIA Category number",
            "id": 3307695
        },
        {
            "value": "Moisture change: 0%",
            "id": 3323514
        },
        {
            "value": "Olives, pickles, pickled vegetables",
            "name": "WWEIA Category description",
            "id": 3307696
        }
    ],
    "foodAttributeTypes": [
        {
            "name": "Adjustments",
            "description": "Adjustments made to foods, including moisture changes",
            "id": 1002,
            "foodAttributes": [
                {
                    "value": "Moisture change: 0%",
                    "id": 3323514
                }
            ]
        },
        {
            "name": "Attribute",
            "description": "Generic attributes",
            "id": 999,
            "foodAttributes": [
                {
                    "value": "8408",
                    "name": "WWEIA Category number",
                    "id": 3307695
                },
                {
                    "value": "Olives, pickles, pickled vegetables",
                    "name": "WWEIA Category description",
                    "id": 3307696
                }
            ]
        }
    ],
    "foodVersionIds": []
}