{
    "fdcId": 2685573,
    "description": "Cauliflower, raw",
    "commonNames": "",
    "additionalDescriptions": "",
    "dataType": "Foundation",
    "ndbNumber": 11135,
    "publishedDate": "2024-04-18",
    "foodCategory": "Vegetables and Vegetable Products",
    "mostRecentAcquisitionDate": "2023-12-18",
    "allHighlightFields": "",
    "score": 399.9827,
    "microbes": [],
    "foodNutrients": [
        {
            "nutrientId": 1089,
            "nutrientName": "Iron, Fe",
            "nutrientNumber": "303",
            "unitName": "MG",
            "derivationCode": "A",
            "derivationDescription": "Analytical",
            "derivationId": 1,
            "value": 0.334,
            "foodNutrientSourceId": 1,
            "foodNutrientSourceCode": "1",
            "foodNutrientSourceDescription": "Analytical or derived from analytical",
            "rank": 5400,
            "indentLevel": 1,
            "foodNutrientId": 33831449,
            "dataPoints": 8,
            "min": 0.262,
            "max": 0.509,
            "median": 0.31
        },
        {
            "nutrientId": 1090,
            "nutrientName": "Magnesium, Mg",
            "nutrientNumber": "304",
            "unitName": "MG",
            "derivationCode": "A",
            "derivationDescription": "Analytical",
            "derivationId": 1,
            "value": 14.2,
            "foodNutrientSourceId": 1,
            "foodNutrientSourceCode": "1",
            "foodNutrientSourceDescription": "Analytical or derived from analytical",
            "rank": 5500,
            "indentLevel": 1,
            "foodNutrientId": 33831450,
            "dataPoints": 8,
            "min": 11.9,
            "max": 15.9,
            "median": 14.5
        },
        {
            "nutrientId": 1091,
            "nutrientName": "Phosphorus, P",
            "nutrientNumber": "305",
            "unitName": "MG",
            "derivationCode": "A",
            "derivationDescription": "Analytical",
            "derivationId": 1,
            "value": 39.7,
            "foodNutrientSourceId": 1,
            "foodNutrientSourceCode": "1",
            "foodNutrientSourceDescription": "Analytical or derived from analytical",
            "rank": 5600,
            "indentLevel": 1,
            "foodNutrientId": 33831451,
            "dataPoints": 8,
            "min": 32.7,
            "max": 45.0,
            "median": 39.9
        },
        {
            "nutrientId": 1092,
            "nutrientName": "Potassium, K",
            "nutrientNumber": "306",
            "unitName": "MG",
            "derivationCode": "A",
            "derivationDescription": "Analytical",
            "derivationId": 1,
            "value": 274,
            "foodNutrientSourceId": 1,
            "foodNutrientSourceCode": "1",
            "foodNutrientSourceDescription": "Analytical or derived from analytical",
            "rank": 5700,
            "indentLevel": 1,
            "foodNutrientId": 33831452,
            "dataPoints": 8,
            "min": 240,
            "max": 307,
            "median": 269
        },
        {
            "nutrientId": 1093,
            "nutrientName": "Sodium, Na",
            "nutrientNumber": "307",
            "unitName": "MG",
            "derivationCode": "A",
            "derivationDescription": "Analytical",
            "derivationId": 1,
            "value": 20.0,
            "foodNutrientSourceId": 1,
            "foodNutrientSourceCode": "1",
            "foodNutrientSourceDescription": "Analytical or derived from analytical",
            "rank": 5800,
            "indentLevel": 1,
            "foodNutrientId": 33831453,
            "dataPoints": 8,
            "min": 12.3,
            "max": 34.0,
            "median": 18.2
        },
        {
            "nutrientId": 1095,
            "nutrientName": "Zinc, Zn",
            "nutrientNumber": "309",
            "unitName": "MG",
            "derivationCode": "A",
            "derivationDescription": "Analytical",
            "derivationId": 1,
            "value": 0.234,
            "foodNutrientSourceId": 1,
            "foodNutrientSourceCode": "1",
            "foodNutrientSourceDescription": "Analytical or derived from analytical",
            "rank": 5900,
            "indentLevel": 1,
            "foodNutrientId": 33831454,
            "dataPoints": 8,
            "min": 0.197,
            "max": 0.279,
            "median": 0.222
        },
        {
            "nutrientId": 1098,
            "nutrientName": "Copper, Cu",
            "nutrientNumber": "312",
            "unitName": "MG",
            "derivationCode": "A",
            "derivationDescription": "Analytical",
            "derivationId": 1,
            "value": 0.0242,
            "foodNutrientSourceId": 1,
            "foodNutrientSourceCode": "1",
            "foodNutrientSourceDescription": "Analytical or derived from analytical",
            "rank": 6000,
            "indentLevel": 1,
            "foodNutrientId": 33831455,
            "dataPoints": 8,
            "min": 0.0,
            "max": 0.0519,
            "median": 0.0294
        },
        {
            "nutrientId": 1002,
            "nutrientName": "Nitrogen",
            "nutrientNumber": "202",
            "unitName": "G",
            "derivationCode": "A",
            "derivationDescription": "Analytical",
            "derivationId": 1,
            "value": 0.262,
            "foodNutrientSourceId": 1,
            "foodNutrientSourceCode": "1",
            "foodNutrientSourceDescription": "Analytical or derived from analytical",
            "rank": 500,
            "indentLevel": 1,
            "foodNutrientId": 33831456,
            "dataPoints": 8,
            "min": 0.24,
            "max": 0.28,
            "median": 0.265
        },
        {
            "nutrientId": 1004,
            "nutrientName": "Total lipid (fat)",
            "nutrientNumber": "204",
            "unitName": "G",
            "derivationCode": "A",
            "derivationDescription": "Analytical",
            "derivationId": 1,
            "value": 0.238,
            "foodNutrientSourceId": 1,
            "foodNutrientSourceCode": "1",
            "foodNutrientSourceDescription": "Analytical or derived from analytical",
            "rank": 800,
            "indentLevel": 1,
            "foodNutrientId": 33831457,
            "dataPoints": 8,
            "min": 0.0,
            "max": 0.46,
            "median": 0.265
        },
        {
            "nutrientId": 1101,
            "nutrientName": "Manganese, Mn",
            "nutrientNumber": "315",
            "unitName": "MG",
            "derivationCode": "A",
            "derivationDescription": "Analytical",
            "derivationId": 1,
            "value": 0.141,
            "foodNutrientSourceId": 1,
            "foodNutrientSourceCode": "1",
            "foodNutrientSourceDescription": "Analytical or derived from analytical",
            "rank": 6100,
            "indentLevel": 1,
            "foodNutrientId": 33831458,
            "dataPoints": 8,
            "min": 0.118,
            "max": 0.161,
            "median": 0.14
        },
        {
            "nutrientId": 1007,
            "nutrientName": "Ash",
            "nutrientNumber": "207",
            "unitName": "G",
            "derivationCode": "A",
            "derivationDescription": "Analytical",
            "derivationId": 1,
            "value": 0.679,
            "foodNutrientSourceId": 1,
            "foodNutrientSourceCode": "1",
            "foodNutrientSourceDescription": "Analytical or derived from analytical",
            "rank": 1000,
            "indentLevel": 1,
            "foodNutrientId": 33831459,
            "dataPoints": 8,
            "min": 0.64,
            "max": 0.72,
            "median": 0.68
        },
        {
            "nutrientId": 1079,
            "nutrientName": "Fiber, total dietary",
            "nutrientNumber": "291",
            "unitName": "G",
            "derivationCode": "A",
            "derivationDescription": "Analytical",
            "derivationId": 1,
            "value": 1.95,
            "foodNutrientSourceId": 1,
            "foodNutrientSourceCode": "1",
            "foodNutrientSourceDescription": "Analytical or derived from analytical",
            "rank": 1200,
            "indentLevel": 3,
            "foodNutrientId": 33831460,
            "dataPoints": 8,
            "min": 1.58,
            "max": 2.38,
            "median": 1.92
        },
        {
            "nutrientId": 1051,
            "nutrientName": "Water",
            "nutrientNumber": "255",
            "unitName": "G",
            "derivationCode": "A",
            "derivationDescription": "Analytical",
            "derivationId": 1,
            "value": 92.7,
            "foodNutrientSourceId": 1,
            "foodNutrientSourceCode": "1",
            "foodNutrientSourceDescription": "Analytical or derived from analytical",
            "rank": 100,
            "indentLevel": 1,
            "foodNutrientId": 33831461,
            "dataPoints": 8,
            "min": 92.2,
            "max": 93.5,
            "median": 92.6
        },
        {
            "nutrientId": 1087,
            "nutrientName": "Calcium, Ca",
            "nutrientNumber": "301",
            "unitName": "MG",
            "derivationCode": "A",
            "derivationDescription": "Analytical",
            "derivationId": 1,
            "value": 20.4,
            "foodNutrientSourceId": 1,
            "foodNutrientSourceCode": "1",
            "foodNutrientSourceDescription": "Analytical or derived from analytical",
            "rank": 5300,
            "indentLevel": 1,
            "foodNutrientId": 33831462,
            "dataPoints": 8,
            "min": 15.9,
            "max": 25.6,
            "median": 20.2
        },
        {
            "nutrientId": 2047,
            "nutrientName": "Energy (Atwater General Factors)",
            "nutrientNumber": "957",
            "unitName": "KCAL",
            "derivationCode": "NC",
            "derivationDescription": "Calculated",
            "derivationId": 49,
            "value": 27.6,
            "foodNutrientSourceId": 2,
            "foodNutrientSourceCode": "4",
            "foodNutrientSourceDescription": "Calculated or imputed",
            "rank": 280,
            "indentLevel": 1,
            "foodNutrientId": 33831507
        },
        {
            "nutrientId": 1003,
            "nutrientName": "Protein",
            "nutrientNumber": "203",
            "unitName": "G",
            "derivationCode": "NC",
            "derivationDescription": "Calculated",
            "derivationId": 49,
            "value": 1.64,
            "foodNutrientSourceId": 2,
            "foodNutrientSourceCode": "4",
            "foodNutrientSourceDescription": "Calculated or imputed",
            "rank": 600,
            "indentLevel": 1,
            "foodNutrientId": 33831505,
            "min": 1.5,
            "max": 1.75,
            "median": 1.66
        },
        {
            "nutrientId": 1005,
            "nutrientName": "Carbohydrate, by difference",
            "nutrientNumber": "205",
            "unitName": "G",
            "derivationCode": "NC",
            "derivationDescription": "Calculated",
            "derivationId": 49,
            "value": 4.72,
            "foodNutrientSourceId": 2,
            "foodNutrientSourceCode": "4",
            "foodNutrientSourceDescription": "Calculated or imputed",
            "rank": 1110,
            "indentLevel": 2,
            "foodNutrientId": 33831506
        },
        {
            "nutrientId": 2048,
            "nutrientName": "Energy (Atwater Specific Factors)",
            "nutrientNumber": "958",
            "unitName": "KCAL",
            "derivationCode": "NC",
            "derivationDescription": "Calculated",
            "derivationId": 49,
            "value": 22.9,
            "foodNutrientSourceId": 2,
            "foodNutrientSourceCode": "4",
            "foodNutrientSourceDescription": "Calculated or imputed",
            "rank": 290,
            "indentLevel": 1,
            "foodNutrientId": 33831508
        }
    ],
    "finalFoodInputFoods": [],
    "foodMeasures": [],
    "foodAttributes": [],
    "foodAttributeTypes": [],
    "foodVersionIds": []
}