{
    "fdcId": 2618017,
    "description": "ALMONDMILK YOGURT ALTERNATIVE",
    "dataType": "Branded",
    "gtinUpc": "025293003989",
    "publishedDate": "2023-08-31",
    "brandOwner": "Danone US, LLC",
    "brandName": "SILK",
    "ingredients": "ALMONDMILK (FILTERED WATER, ALMONDS), CANE SUGAR, PEACH, CONTAINS 2% OR LESS OF: PECTIN, CALCIUM CITRATE, NATURAL FLAVOR, STARCH, CITRIC ACID, LIVE AND ACTIVE CULTURES, FRUIT AND VEGETABLE JUICE (FOR COLOR), ANNATTO (FOR COLOR), TRICALCIUM PHOSPHATE, VITAMIN D2.",
    "marketCountry": "United States",
    "foodCategory": "Yogurt",
    "modifiedDate": "2023-05-31",
    "dataSource": "LI",
    "packageWeight": "5.3 oz/150 g",
    "servingSizeUnit": "GRM",
    "servingSize": 150.0,
    "householdServingFullText": "1 CONTAINER",
    "shortDescription": "",
    "tradeChannels": [
        "NO_TRADE_CHANNEL"
    ],
    "allHighlightFields": "",
    "score": 21.028854,
    "microbes": [],
    "foodNutrients": [
        {
            "nutrientId": 1003,
            "nutrientName": "Protein",
            "nutrientNumber": "203",
            "unitName": "G",
            "derivationCode": "LCCS",
            "derivationDescription": "Calculated from value per serving size measure",
            "derivationId": 70,
            "value": 3.33,
            "foodNutrientSourceId": 9,
            "foodNutrientSourceCode": "12",
            "foodNutrientSourceDescription": "Manufacturer's analytical; partial documentation",
            "rank": 600,
            "indentLevel": 1,
            "foodNutrientId": 32716941,
            "percentDailyValue": 4
        },
        {
            "nutrientId": 1004,
            "nutrientName": "Total lipid (fat)",
            "nutrientNumber": "204",
            "unitName": "G",
            "derivationCode": "LCCS",
            "derivationDescription": "Calculated from value per serving size measure",
            "derivationId": 70,
            "value": 7.33,
            "foodNutrientSourceId": 9,
            "foodNutrientSourceCode": "12",
            "foodNutrientSourceDescription": "Manufacturer's analytical; partial documentation",
            "rank": 800,
            "indentLevel": 1,
            "foodNutrientId": 32716942,
            "percentDailyValue": 17
        },
        {
            "nutrientId": 1005,
            "nutrientName": "Carbohydrate, by difference",
            "nutrientNumber": "205",
            "unitName": "G",
            "derivationCode": "LCCS",
            "derivationDescription": "Calculated from value per serving size measure",
            "derivationId": 70,
            "value": 12.0,
            "foodNutrientSourceId": 9,
            "foodNutrientSourceCode": "12",
            "foodNutrientSourceDescription": "Manufacturer's analytical; partial documentation",
            "rank": 1110,
            "indentLevel": 2,
            "foodNutrientId": 32716943,
            "percentDailyValue": 6
        },
        {
            "nutrientId": 1008,
            "nutrientName": "Energy",
            "nutrientNumber": "208",
            "unitName": "KCAL",
            "derivationCode": "LCCS",
            "derivationDescription": "Calculated from value per serving size measure",
            "derivationId": 70,
            "value": 120,
            "foodNutrientSourceId": 9,
            "foodNutrientSourceCode": "12",
            "foodNutrientSourceDescription": "Manufacturer's analytical; partial documentation",
            "rank": 300,
            "indentLevel": 1,
            "foodNutrientId": 32716944
        },
        {
            "nutrientId": 2000,
            "nutrientName": "Total Sugars",
            "nutrientNumber": "269",
            "unitName": "G",
            "derivationCode": "LCCS",
            "derivationDescription": "Calculated from value per serving size measure",
            "derivationId": 70,
            "value": 10.0,
            "foodNutrientSourceId": 9,
            "foodNutrientSourceCode": "12",
            "foodNutrientSourceDescription": "Manufacturer's analytical; partial documentation",
            "rank": 1510,
            "indentLevel": 3,
            "foodNutrientId": 32716945
        },
        {
            "nutrientId": 1079,
            "nutrientName": "Fiber, total dietary",
            "nutrientNumber": "291",
            "unitName": "G",
            "derivationCode": "LCCS",
            "derivationDescription": "Calculated from value per serving size measure",
            "derivationId": 70,
            "value": 1.3,
            "foodNutrientSourceId": 9,
            "foodNutrientSourceCode": "12",
            "foodNutrientSourceDescription": "Manufacturer's analytical; partial documentation",
            "rank": 1200,
            "indentLevel": 3,
            "foodNutrientId": 32716946,
            "percentDailyValue": 8
        },
        {
            "nutrientId": 1087,
            "nutrientName": "Calcium, Ca",
            "nutrientNumber": "301",
            "unitName": "MG",
            "derivationCode": "LCCD",
            "derivationDescription": "Calculated from a daily value percentage per serving size measure",
            "derivationId": 75,
            "value": 67.0,
            "foodNutrientSourceId": 9,
            "foodNutrientSourceCode": "12",
            "foodNutrientSourceDescription": "Manufacturer's analytical; partial documentation",
            "rank": 5300,
            "indentLevel": 1,
            "foodNutrientId": 32716947,
            "percentDailyValue": 10
        },
        {
            "nutrientId": 1089,
            "nutrientName": "Iron, Fe",
            "nutrientNumber": "303",
            "unitName": "MG",
            "derivationCode": "LCCD",
            "derivationDescription": "Calculated from a daily value percentage per serving size measure",
            "derivationId": 75,
            "value": 0.48,
            "foodNutrientSourceId": 9,
            "foodNutrientSourceCode": "12",
            "foodNutrientSourceDescription": "Manufacturer's analytical; partial documentation",
            "rank": 5400,
            "indentLevel": 1,
            "foodNutrientId": 32716948,
            "percentDailyValue": 4
        },
        {
            "nutrientId": 1093,
            "nutrientName": "Sodium, Na",
            "nutrientNumber": "307",
            "unitName": "MG",
            "derivationCode": "LCCS",
            "derivationDescription": "Calculated from value per serving size measure",
            "derivationId": 70,
            "value": 60.0,
            "foodNutrientSourceId": 9,
            "foodNutrientSourceCode": "12",
            "foodNutrientSourceDescription": "Manufacturer's analytical; partial documentation",
            "rank": 5800,
            "indentLevel": 1,
            "foodNutrientId": 32716949,
            "percentDailyValue": 4
        },
        {
            "nutrientId": 1114,
            "nutrientName": "Vitamin D (D2 + D3)",
            "nutrientNumber": "328",
            "unitName": "UG",
            "derivationCode": "LCCD",
            "derivationDescription": "Calculated from a daily value percentage per serving size measure",
            "derivationId": 75,
            "value": 2.0,
            "foodNutrientSourceId": 9,
            "foodNutrientSourceCode": "12",
            "foodNutrientSourceDescription": "Manufacturer's analytical; partial documentation",
            "rank": 8700,
            "indentLevel": 1,
            "foodNutrientId": 32716950,
            "percentDailyValue": 15
        },
        {
            "nutrientId": 1162,
            "nutrientName": "Vitamin C, total ascorbic acid",
            "nutrientNumber": "401",
            "unitName": "MG",
            "derivationCode": "LCCD",
            "derivationDescription": "Calculated from a daily value percentage per serving size measure",
            "derivationId": 75,
            "value": 0.0,
            "foodNutrientSourceId": 9,
            "foodNutrientSourceCode": "12",
            "foodNutrientSourceDescription": "Manufacturer's analytical; partial documentation",
            "rank": 6300,
            "indentLevel": 1,
            "foodNutrientId": 32716951,
            "percentDailyValue": 0
        },
        {
            "nutrientId": 1253,
            "nutrientName": "Cholesterol",
            "nutrientNumber": "601",
            "unitName": "MG",
            "derivationCode": "LCCS",
            "derivationDescription": "Calculated from value per serving size measure",
            "derivationId": 70,
            "value": 0.0,
            "foodNutrientSourceId": 9,
            "foodNutrientSourceCode": "12",
            "foodNutrientSourceDescription": "Manufacturer's analytical; partial documentation",
            "rank": 15700,
            "indentLevel": 1,
            "foodNutrientId": 32716952,
            "percentDailyValue": 0
        },
        {
            "nutrientId": 1257,
            "nutrientName": "Fatty acids, total trans",
            "nutrientNumber": "605",
            "unitName": "G",
            "derivationCode": "LCCS",
            "derivationDescription": "Calculated from value per serving size measure",
            "derivationId": 70,
            "value": 0.0,
            "foodNutrientSourceId": 9,
            "foodNutrientSourceCode": "12",
            "foodNutrientSourceDescription": "Manufacturer's analytical; partial documentation",
            "rank": 15400,
            "indentLevel": 1,
            "foodNutrientId": 32716953
        },
        {
            "nutrientId": 1258,
            "nutrientName": "Fatty acids, total saturated",
            "nutrientNumber": "606",
            "unitName": "G",
            "derivationCode": "LCCS",
            "derivationDescription": "Calculated from value per serving size measure",
            "derivationId": 70,
            "value": 0.67,
            "foodNutrientSourceId": 9,
            "foodNutrientSourceCode": "12",
            "foodNutrientSourceDescription": "Manufacturer's analytical; partial documentation",
            "rank": 9700,
            "indentLevel": 1,
            "foodNutrientId": 32716954,
            "percentDailyValue": 4
        },
        {
            "nutrientId": 2067,
            "nutrientName": "Vitamin A",
            "nutrientNumber": "960",
            "unitName": "UG",
            "derivationCode": "LCCD",
            "derivationDescription": "Calculated from a daily value percentage per serving size measure",
            "derivationId": 75,
            "value": 0.0,
            "foodNutrientSourceId": 9,
            "foodNutrientSourceCode": "12",
            "foodNutrientSourceDescription": "Manufacturer's analytical; partial documentation",
            "rank": 7430,
            "indentLevel": 1,
            "foodNutrientId": 32716955,
            "percentDailyValue": 0
        }
    ],
    "finalFoodInputFoods": [],
    "foodMeasures": [],
    "foodAttributes": [],
    "foodAttributeTypes": [],
    "foodVersionIds": []
}