{
    "fdcId": 2707523,
    "description": "Pecans, salted",
    "commonNames": "",
    "additionalDescriptions": "roasted;plain;NS as to salt;not coated;lightly salted;sea salt",
    "dataType": "Survey (FNDDS)",
    "foodCode": 42112200,
    "publishedDate": "2024-10-31",
    "foodCategory": "Nuts and seeds",
    "foodCategoryId": 3302594,
    "allHighlightFields": "<b>Includes</b>: roasted;plain;NS as to <em>salt</em>;not coated;lightly <em>salted</em>;sea <em>salt</em>",
    "score": 258.8446,
    "microbes": [],
    "foodNutrients": [
        {
            "nutrientId": 1003,
            "nutrientName": "Protein",
            "nutrientNumber": "203",
            "unitName": "G",
            "value": 9.57,
            "rank": 600,
            "indentLevel": 1,
            "foodNutrientId": 34275194
        },
        {
            "nutrientId": 1004,
            "nutrientName": "Total lipid (fat)",
            "nutrientNumber": "204",
            "unitName": "G",
            "value": 73.35,
            "rank": 800,
            "indentLevel": 1,
            "foodNutrientId": 34275195
        },
        {
            "nutrientId": 1005,
            "nutrientName": "Carbohydrate, by difference",
            "nutrientNumber": "205",
            "unitName": "G",
            "value": 12.2,
            "rank": 1110,
            "indentLevel": 2,
            "foodNutrientId": 34275196
        },
        {
            "nutrientId": 1008,
            "nutrientName": "Energy",
            "nutrientNumber": "208",
            "unitName": "KCAL",
            "value": 747,
            "rank": 300,
            "indentLevel": 1,
            "foodNutrientId": 34275197
        },
        {
            "nutrientId": 1018,
            "nutrientName": "Alcohol, ethyl",
            "nutrientNumber": "221",
            "unitName": "G",
            "value": 0,
            "rank": 18200,
            "indentLevel": 1,
            "foodNutrientId": 34275198
        },
        {
            "nutrientId": 1051,
            "nutrientName": "Water",
            "nutrientNumber": "255",
            "unitName": "G",
            "value": 2.52,
            "rank": 100,
            "indentLevel": 1,
            "foodNutrientId": 34275199
        },
        {
            "nutrientId": 1057,
            "nutrientName": "Caffeine",
            "nutrientNumber": "262",
            "unitName": "MG",
            "value": 0,
            "rank": 18300,
            "indentLevel": 0,
            "foodNutrientId": 34275200
        },
        {
            "nutrientId": 1058,
            "nutrientName": "Theobromine",
            "nutrientNumber": "263",
            "unitName": "MG",
            "value": 0,
            "rank": 18400,
            "indentLevel": 0,
            "foodNutrientId": 34275201
        },
        {
            "nutrientId": 2000,
            "nutrientName": "Total Sugars",
            "nutrientNumber": "269",
            "unitName": "G",
            "value": 3.81,
            "rank": 1510,
            "indentLevel": 3,
            "foodNutrientId": 34275202
        },
        {
            "nutrientId": 1079,
            "nutrientName": "Fiber, total dietary",
            "nutrientNumber": "291",
            "unitName": "G",
            "value": 5.6,
            "rank": 1200,
            "indentLevel": 3,
            "foodNutrientId": 34275203
        },
        {
            "nutrientId": 1087,
            "nutrientName": "Calcium, Ca",
            "nutrientNumber": "301",
            "unitName": "MG",
            "value": 53,
            "rank": 5300,
            "indentLevel": 1,
            "foodNutrientId": 34275204
        },
        {
            "nutrientId": 1089,
            "nutrientName": "Iron, Fe",
            "nutrientNumber": "303",
            "unitName": "MG",
            "value": 2.28,
            "rank": 5400,
            "indentLevel": 1,
            "foodNutrientId": 34275205
        },
        {
            "nutrientId": 1090,
            "nutrientName": "Magnesium, Mg",
            "nutrientNumber": "304",
            "unitName": "MG",
            "value": 99,
            "rank": 5500,
            "indentLevel": 1,
            "foodNutrientId": 34275206
        },
        {
            "nutrientId": 1091,
            "nutrientName": "Phosphorus, P",
            "nutrientNumber": "305",
            "unitName": "MG",
            "value": 243,
            "rank": 5600,
            "indentLevel": 1,
            "foodNutrientId": 34275207
        },
        {
            "nutrientId": 1092,
            "nutrientName": "Potassium, K",
            "nutrientNumber": "306",
            "unitName": "MG",
            "value": 346,
            "rank": 5700,
            "indentLevel": 1,
            "foodNutrientId": 34275208
        },
        {
            "nutrientId": 1093,
            "nutrientName": "Sodium, Na",
            "nutrientNumber": "307",
            "unitName": "MG",
            "value": 383,
            "rank": 5800,
            "indentLevel": 1,
            "foodNutrientId": 34275209
        },
        {
            "nutrientId": 1095,
            "nutrientName": "Zinc, Zn",
            "nutrientNumber": "309",
            "unitName": "MG",
            "value": 3.77,
            "rank": 5900,
            "indentLevel": 1,
            "foodNutrientId": 34275210
        },
        {
            "nutrientId": 1098,
            "nutrientName": "Copper, Cu",
            "nutrientNumber": "312",
            "unitName": "MG",
            "value": 0.87,
            "rank": 6000,
            "indentLevel": 1,
            "foodNutrientId": 34275211
        },
        {
            "nutrientId": 1103,
            "nutrientName": "Selenium, Se",
            "nutrientNumber": "317",
            "unitName": "UG",
            "value": 3.6,
            "rank": 6200,
            "indentLevel": 1,
            "foodNutrientId": 34275212
        },
        {
            "nutrientId": 1105,
            "nutrientName": "Retinol",
            "nutrientNumber": "319",
            "unitName": "UG",
            "value": 0,
            "rank": 7430,
            "indentLevel": 2,
            "foodNutrientId": 34275213
        },
        {
            "nutrientId": 1106,
            "nutrientName": "Vitamin A, RAE",
            "nutrientNumber": "320",
            "unitName": "UG",
            "value": 3,
            "rank": 7420,
            "indentLevel": 1,
            "foodNutrientId": 34275214
        },
        {
            "nutrientId": 1107,
            "nutrientName": "Carotene, beta",
            "nutrientNumber": "321",
            "unitName": "UG",
            "value": 28,
            "rank": 7440,
            "indentLevel": 2,
            "foodNutrientId": 34275215
        },
        {
            "nutrientId": 1108,
            "nutrientName": "Carotene, alpha",
            "nutrientNumber": "322",
            "unitName": "UG",
            "value": 0,
            "rank": 7450,
            "indentLevel": 2,
            "foodNutrientId": 34275216
        },
        {
            "nutrientId": 1109,
            "nutrientName": "Vitamin E (alpha-tocopherol)",
            "nutrientNumber": "323",
            "unitName": "MG",
            "value": 1.91,
            "rank": 7905,
            "indentLevel": 1,
            "foodNutrientId": 34275217
        },
        {
            "nutrientId": 1114,
            "nutrientName": "Vitamin D (D2 + D3)",
            "nutrientNumber": "328",
            "unitName": "UG",
            "value": 0,
            "rank": 8700,
            "indentLevel": 1,
            "foodNutrientId": 34275218
        },
        {
            "nutrientId": 1120,
            "nutrientName": "Cryptoxanthin, beta",
            "nutrientNumber": "334",
            "unitName": "UG",
            "value": 9,
            "rank": 7460,
            "indentLevel": 2,
            "foodNutrientId": 34275219
        },
        {
            "nutrientId": 1122,
            "nutrientName": "Lycopene",
            "nutrientNumber": "337",
            "unitName": "UG",
            "value": 0,
            "rank": 7530,
            "indentLevel": 1,
            "foodNutrientId": 34275220
        },
        {
            "nutrientId": 1123,
            "nutrientName": "Lutein + zeaxanthin",
            "nutrientNumber": "338",
            "unitName": "UG",
            "value": 16,
            "rank": 7560,
            "indentLevel": 1,
            "foodNutrientId": 34275221
        },
        {
            "nutrientId": 1162,
            "nutrientName": "Vitamin C, total ascorbic acid",
            "nutrientNumber": "401",
            "unitName": "MG",
            "value": 1.1,
            "rank": 6300,
            "indentLevel": 1,
            "foodNutrientId": 34275222
        },
        {
            "nutrientId": 1165,
            "nutrientName": "Thiamin",
            "nutrientNumber": "404",
            "unitName": "MG",
            "value": 0.526,
            "rank": 6400,
            "indentLevel": 1,
            "foodNutrientId": 34275223
        },
        {
            "nutrientId": 1166,
            "nutrientName": "Riboflavin",
            "nutrientNumber": "405",
            "unitName": "MG",
            "value": 0.125,
            "rank": 6500,
            "indentLevel": 1,
            "foodNutrientId": 34275224
        },
        {
            "nutrientId": 1167,
            "nutrientName": "Niacin",
            "nutrientNumber": "406",
            "unitName": "MG",
            "value": 0.909,
            "rank": 6600,
            "indentLevel": 1,
            "foodNutrientId": 34275225
        },
        {
            "nutrientId": 1175,
            "nutrientName": "Vitamin B-6",
            "nutrientNumber": "415",
            "unitName": "MG",
            "value": 0.164,
            "rank": 6800,
            "indentLevel": 1,
            "foodNutrientId": 34275226
        },
        {
            "nutrientId": 1177,
            "nutrientName": "Folate, total",
            "nutrientNumber": "417",
            "unitName": "UG",
            "value": 21,
            "rank": 6900,
            "indentLevel": 1,
            "foodNutrientId": 34275227
        },
        {
            "nutrientId": 1178,
            "nutrientName": "Vitamin B-12",
            "nutrientNumber": "418",
            "unitName": "UG",
            "value": 0,
            "rank": 7300,
            "indentLevel": 1,
            "foodNutrientId": 34275228
        },
        {
            "nutrientId": 1180,
            "nutrientName": "Choline, total",
            "nutrientNumber": "421",
            "unitName": "MG",
            "value": 38.9,
            "rank": 7220,
            "indentLevel": 1,
            "foodNutrientId": 34275229
        },
        {
            "nutrientId": 1185,
            "nutrientName": "Vitamin K (phylloquinone)",
            "nutrientNumber": "430",
            "unitName": "UG",
            "value": 6.9,
            "rank": 8800,
            "indentLevel": 1,
            "foodNutrientId": 34275230
        },
        {
            "nutrientId": 1186,
            "nutrientName": "Folic acid",
            "nutrientNumber": "431",
            "unitName": "UG",
            "value": 0,
            "rank": 7000,
            "indentLevel": 0,
            "foodNutrientId": 34275231
        },
        {
            "nutrientId": 1187,
            "nutrientName": "Folate, food",
            "nutrientNumber": "432",
            "unitName": "UG",
            "value": 21,
            "rank": 7100,
            "indentLevel": 1,
            "foodNutrientId": 34275232
        },
        {
            "nutrientId": 1190,
            "nutrientName": "Folate, DFE",
            "nutrientNumber": "435",
            "unitName": "UG",
            "value": 21,
            "rank": 7200,
            "indentLevel": 1,
            "foodNutrientId": 34275233
        },
        {
            "nutrientId": 1242,
            "nutrientName": "Vitamin E, added",
            "nutrientNumber": "573",
            "unitName": "MG",
            "value": 0,
            "rank": 7920,
            "indentLevel": 0,
            "foodNutrientId": 34275234
        },
        {
            "nutrientId": 1246,
            "nutrientName": "Vitamin B-12, added",
            "nutrientNumber": "578",
            "unitName": "UG",
            "value": 0,
            "rank": 7340,
            "indentLevel": 0,
            "foodNutrientId": 34275235
        },
        {
            "nutrientId": 1253,
            "nutrientName": "Cholesterol",
            "nutrientNumber": "601",
            "unitName": "MG",
            "value": 0,
            "rank": 15700,
            "indentLevel": 1,
            "foodNutrientId": 34275236
        },
        {
            "nutrientId": 1258,
            "nutrientName": "Fatty acids, total saturated",
            "nutrientNumber": "606",
            "unitName": "G",
            "value": 6.601,
            "rank": 9700,
            "indentLevel": 1,
            "foodNutrientId": 34275237
        },
        {
            "nutrientId": 1259,
            "nutrientName": "SFA 4:0",
            "nutrientNumber": "607",
            "unitName": "G",
            "value": 0,
            "rank": 9800,
            "indentLevel": 2,
            "foodNutrientId": 34275238
        },
        {
            "nutrientId": 1260,
            "nutrientName": "SFA 6:0",
            "nutrientNumber": "608",
            "unitName": "G",
            "value": 0,
            "rank": 9900,
            "indentLevel": 2,
            "foodNutrientId": 34275239
        },
        {
            "nutrientId": 1261,
            "nutrientName": "SFA 8:0",
            "nutrientNumber": "609",
            "unitName": "G",
            "value": 0,
            "rank": 10000,
            "indentLevel": 2,
            "foodNutrientId": 34275240
        },
        {
            "nutrientId": 1262,
            "nutrientName": "SFA 10:0",
            "nutrientNumber": "610",
            "unitName": "G",
            "value": 0,
            "rank": 10100,
            "indentLevel": 2,
            "foodNutrientId": 34275241
        },
        {
            "nutrientId": 1263,
            "nutrientName": "SFA 12:0",
            "nutrientNumber": "611",
            "unitName": "G",
            "value": 0,
            "rank": 10300,
            "indentLevel": 2,
            "foodNutrientId": 34275242
        },
        {
            "nutrientId": 1264,
            "nutrientName": "SFA 14:0",
            "nutrientNumber": "612",
            "unitName": "G",
            "value": 0.001,
            "rank": 10500,
            "indentLevel": 2,
            "foodNutrientId": 34275243
        },
        {
            "nutrientId": 1265,
            "nutrientName": "SFA 16:0",
            "nutrientNumber": "613",
            "unitName": "G",
            "value": 4.478,
            "rank": 10700,
            "indentLevel": 2,
            "foodNutrientId": 34275244
        },
        {
            "nutrientId": 1266,
            "nutrientName": "SFA 18:0",
            "nutrientNumber": "614",
            "unitName": "G",
            "value": 1.761,
            "rank": 10900,
            "indentLevel": 2,
            "foodNutrientId": 34275245
        },
        {
            "nutrientId": 1268,
            "nutrientName": "MUFA 18:1",
            "nutrientNumber": "617",
            "unitName": "G",
            "value": 40.213,
            "rank": 12100,
            "indentLevel": 2,
            "foodNutrientId": 34275246
        },
        {
            "nutrientId": 1269,
            "nutrientName": "PUFA 18:2",
            "nutrientNumber": "618",
            "unitName": "G",
            "value": 20.821,
            "rank": 13100,
            "indentLevel": 2,
            "foodNutrientId": 34275247
        },
        {
            "nutrientId": 1270,
            "nutrientName": "PUFA 18:3",
            "nutrientNumber": "619",
            "unitName": "G",
            "value": 1.077,
            "rank": 13900,
            "indentLevel": 2,
            "foodNutrientId": 34275248
        },
        {
            "nutrientId": 1271,
            "nutrientName": "PUFA 20:4",
            "nutrientNumber": "620",
            "unitName": "G",
            "value": 0,
            "rank": 14700,
            "indentLevel": 2,
            "foodNutrientId": 34275249
        },
        {
            "nutrientId": 1272,
            "nutrientName": "PUFA 22:6 n-3 (DHA)",
            "nutrientNumber": "621",
            "unitName": "G",
            "value": 0,
            "rank": 15300,
            "indentLevel": 2,
            "foodNutrientId": 34275250
        },
        {
            "nutrientId": 1275,
            "nutrientName": "MUFA 16:1",
            "nutrientNumber": "626",
            "unitName": "G",
            "value": 0.01,
            "rank": 11700,
            "indentLevel": 2,
            "foodNutrientId": 34275251
        },
        {
            "nutrientId": 1276,
            "nutrientName": "PUFA 18:4",
            "nutrientNumber": "627",
            "unitName": "G",
            "value": 0,
            "rank": 14250,
            "indentLevel": 2,
            "foodNutrientId": 34275252
        },
        {
            "nutrientId": 1277,
            "nutrientName": "MUFA 20:1",
            "nutrientNumber": "628",
            "unitName": "G",
            "value": 0.219,
            "rank": 12400,
            "indentLevel": 2,
            "foodNutrientId": 34275253
        },
        {
            "nutrientId": 1278,
            "nutrientName": "PUFA 20:5 n-3 (EPA)",
            "nutrientNumber": "629",
            "unitName": "G",
            "value": 0,
            "rank": 15000,
            "indentLevel": 2,
            "foodNutrientId": 34275254
        },
        {
            "nutrientId": 1279,
            "nutrientName": "MUFA 22:1",
            "nutrientNumber": "630",
            "unitName": "G",
            "value": 0,
            "rank": 12500,
            "indentLevel": 2,
            "foodNutrientId": 34275255
        },
        {
            "nutrientId": 1280,
            "nutrientName": "PUFA 22:5 n-3 (DPA)",
            "nutrientNumber": "631",
            "unitName": "G",
            "value": 0,
            "rank": 15200,
            "indentLevel": 2,
            "foodNutrientId": 34275256
        },
        {
            "nutrientId": 1292,
            "nutrientName": "Fatty acids, total monounsaturated",
            "nutrientNumber": "645",
            "unitName": "G",
            "value": 39.002,
            "rank": 11400,
            "indentLevel": 1,
            "foodNutrientId": 34275257
        },
        {
            "nutrientId": 1293,
            "nutrientName": "Fatty acids, total polyunsaturated",
            "nutrientNumber": "646",
            "unitName": "G",
            "value": 23.134,
            "rank": 12900,
            "indentLevel": 1,
            "foodNutrientId": 34275258
        }
    ],
    "finalFoodInputFoods": [
        {
            "foodDescription": "Nuts, pecans, halves, raw",
            "gramWeight": 97,
            "id": 132414,
            "portionCode": "0",
            "portionDescription": "NONE",
            "unit": "GM",
            "rank": 1,
            "retentionCode": 0,
            "srCode": 12142,
            "value": 97.0
        },
        {
            "foodDescription": "Salt, table",
            "gramWeight": 1,
            "id": 132416,
            "portionCode": "0",
            "portionDescription": "NONE",
            "unit": "GM",
            "rank": 3,
            "retentionCode": 0,
            "srCode": 2047,
            "value": 1.0
        },
        {
            "foodDescription": "Vegetable oil, NFS",
            "gramWeight": 3,
            "id": 132415,
            "portionCode": "0",
            "portionDescription": "NONE",
            "unit": "GM",
            "rank": 2,
            "retentionCode": 0,
            "srCode": 82101000,
            "value": 3.0
        }
    ],
    "foodMeasures": [
        {
            "disseminationText": "1 nut",
            "gramWeight": 1.5,
            "id": 298480,
            "modifier": "61509",
            "rank": 1,
            "measureUnitAbbreviation": "undetermined",
            "measureUnitName": "undetermined",
            "measureUnitId": 9999
        },
        {
            "disseminationText": "1 cup",
            "gramWeight": 100,
            "id": 298481,
            "modifier": "10205",
            "rank": 2,
            "measureUnitAbbreviation": "undetermined",
            "measureUnitName": "undetermined",
            "measureUnitId": 9999
        },
        {
            "disseminationText": "1 package",
            "gramWeight": 50,
            "id": 298482,
            "modifier": "61528",
            "rank": 3,
            "measureUnitAbbreviation": "undetermined",
            "measureUnitName": "undetermined",
            "measureUnitId": 9999
        },
        {
            "disseminationText": "1 oz",
            "gramWeight": 28.35,
            "id": 298483,
            "modifier": "40000",
            "rank": 4,
            "measureUnitAbbreviation": "undetermined",
            "measureUnitName": "undetermined",
            "measureUnitId": 9999
        },
        {
            "disseminationText": "Quantity not specified",
            "gramWeight": 28,
            "id": 298484,
            "modifier": "90000",
            "rank": 5,
            "measureUnitAbbreviation": "undetermined",
            "measureUnitName": "undetermined",
            "measureUnitId": 9999
        }
    ],
    "foodAttributes": [
        {
            "value": "2804",
            "name": "WWEIA Category number",
            "id": 3302593
        },
        {
            "value": "Moisture change: 0%",
            "id": 3320963
        },
        {
            "value": "roasted",
            "id": 3312543,
            "sequenceNumber": 4
        },
        {
            "value": "sea salt",
            "id": 3312545,
            "sequenceNumber": 6
        },
        {
            "value": "lightly salted",
            "id": 3312541,
            "sequenceNumber": 2
        },
        {
            "value": "not coated",
            "id": 3312544,
            "sequenceNumber": 5
        },
        {
            "value": "NS as to salt",
            "id": 3312542,
            "sequenceNumber": 3
        },
        {
            "value": "Nuts and seeds",
            "name": "WWEIA Category description",
            "id": 3302594
        },
        {
            "value": "plain",
            "id": 3312540,
            "sequenceNumber": 1
        }
    ],
    "foodAttributeTypes": [
        {
            "name": "Attribute",
            "description": "Generic attributes",
            "id": 999,
            "foodAttributes": [
                {
                    "value": "2804",
                    "name": "WWEIA Category number",
                    "id": 3302593
                },
                {
                    "value": "Nuts and seeds",
                    "name": "WWEIA Category description",
                    "id": 3302594
                }
            ]
        },
        {
            "name": "Additional Description",
            "description": "Additional descriptions for the food.",
            "id": 1001,
            "foodAttributes": [
                {
                    "value": "roasted",
                    "id": 3312543,
                    "sequenceNumber": 4
                },
                {
                    "value": "sea salt",
                    "id": 3312545,
                    "sequenceNumber": 6
                },
                {
                    "value": "lightly salted",
                    "id": 3312541,
                    "sequenceNumber": 2
                },
                {
                    "value": "not coated",
                    "id": 3312544,
                    "sequenceNumber": 5
                },
                {
                    "value": "NS as to salt",
                    "id": 3312542,
                    "sequenceNumber": 3
                },
                {
                    "value": "plain",
                    "id": 3312540,
                    "sequenceNumber": 1
                }
            ]
        },
        {
            "name": "Adjustments",
            "description": "Adjustments made to foods, including moisture changes",
            "id": 1002,
            "foodAttributes": [
                {
                    "value": "Moisture change: 0%",
                    "id": 3320963
                }
            ]
        }
    ],
    "foodVersionIds": []
}