{
    "fdcId": 2710262,
    "description": "Sugar substitute and sugar blend",
    "commonNames": "",
    "additionalDescriptions": "Domino Light",
    "dataType": "Survey (FNDDS)",
    "foodCode": 91106010,
    "publishedDate": "2024-10-31",
    "foodCategory": "Sugar substitutes",
    "foodCategoryId": 3308072,
    "allHighlightFields": "",
    "score": 307.9067,
    "microbes": [],
    "foodNutrients": [
        {
            "nutrientId": 1003,
            "nutrientName": "Protein",
            "nutrientNumber": "203",
            "unitName": "G",
            "value": 0,
            "rank": 600,
            "indentLevel": 1,
            "foodNutrientId": 34453229
        },
        {
            "nutrientId": 1004,
            "nutrientName": "Total lipid (fat)",
            "nutrientNumber": "204",
            "unitName": "G",
            "value": 0.31,
            "rank": 800,
            "indentLevel": 1,
            "foodNutrientId": 34453230
        },
        {
            "nutrientId": 1005,
            "nutrientName": "Carbohydrate, by difference",
            "nutrientNumber": "205",
            "unitName": "G",
            "value": 99.35,
            "rank": 1110,
            "indentLevel": 2,
            "foodNutrientId": 34453231
        },
        {
            "nutrientId": 1008,
            "nutrientName": "Energy",
            "nutrientNumber": "208",
            "unitName": "KCAL",
            "value": 399,
            "rank": 300,
            "indentLevel": 1,
            "foodNutrientId": 34453232
        },
        {
            "nutrientId": 1018,
            "nutrientName": "Alcohol, ethyl",
            "nutrientNumber": "221",
            "unitName": "G",
            "value": 0,
            "rank": 18200,
            "indentLevel": 1,
            "foodNutrientId": 34453233
        },
        {
            "nutrientId": 1051,
            "nutrientName": "Water",
            "nutrientNumber": "255",
            "unitName": "G",
            "value": 0.28,
            "rank": 100,
            "indentLevel": 1,
            "foodNutrientId": 34453234
        },
        {
            "nutrientId": 1057,
            "nutrientName": "Caffeine",
            "nutrientNumber": "262",
            "unitName": "MG",
            "value": 0,
            "rank": 18300,
            "indentLevel": 0,
            "foodNutrientId": 34453235
        },
        {
            "nutrientId": 1058,
            "nutrientName": "Theobromine",
            "nutrientNumber": "263",
            "unitName": "MG",
            "value": 0,
            "rank": 18400,
            "indentLevel": 0,
            "foodNutrientId": 34453236
        },
        {
            "nutrientId": 2000,
            "nutrientName": "Total Sugars",
            "nutrientNumber": "269",
            "unitName": "G",
            "value": 99.22,
            "rank": 1510,
            "indentLevel": 3,
            "foodNutrientId": 34453237
        },
        {
            "nutrientId": 1079,
            "nutrientName": "Fiber, total dietary",
            "nutrientNumber": "291",
            "unitName": "G",
            "value": 0,
            "rank": 1200,
            "indentLevel": 3,
            "foodNutrientId": 34453238
        },
        {
            "nutrientId": 1087,
            "nutrientName": "Calcium, Ca",
            "nutrientNumber": "301",
            "unitName": "MG",
            "value": 1,
            "rank": 5300,
            "indentLevel": 1,
            "foodNutrientId": 34453239
        },
        {
            "nutrientId": 1089,
            "nutrientName": "Iron, Fe",
            "nutrientNumber": "303",
            "unitName": "MG",
            "value": 0.05,
            "rank": 5400,
            "indentLevel": 1,
            "foodNutrientId": 34453240
        },
        {
            "nutrientId": 1090,
            "nutrientName": "Magnesium, Mg",
            "nutrientNumber": "304",
            "unitName": "MG",
            "value": 0,
            "rank": 5500,
            "indentLevel": 1,
            "foodNutrientId": 34453241
        },
        {
            "nutrientId": 1091,
            "nutrientName": "Phosphorus, P",
            "nutrientNumber": "305",
            "unitName": "MG",
            "value": 0,
            "rank": 5600,
            "indentLevel": 1,
            "foodNutrientId": 34453242
        },
        {
            "nutrientId": 1092,
            "nutrientName": "Potassium, K",
            "nutrientNumber": "306",
            "unitName": "MG",
            "value": 2,
            "rank": 5700,
            "indentLevel": 1,
            "foodNutrientId": 34453243
        },
        {
            "nutrientId": 1093,
            "nutrientName": "Sodium, Na",
            "nutrientNumber": "307",
            "unitName": "MG",
            "value": 1,
            "rank": 5800,
            "indentLevel": 1,
            "foodNutrientId": 34453244
        },
        {
            "nutrientId": 1095,
            "nutrientName": "Zinc, Zn",
            "nutrientNumber": "309",
            "unitName": "MG",
            "value": 0.01,
            "rank": 5900,
            "indentLevel": 1,
            "foodNutrientId": 34453245
        },
        {
            "nutrientId": 1098,
            "nutrientName": "Copper, Cu",
            "nutrientNumber": "312",
            "unitName": "MG",
            "value": 0.007,
            "rank": 6000,
            "indentLevel": 1,
            "foodNutrientId": 34453246
        },
        {
            "nutrientId": 1103,
            "nutrientName": "Selenium, Se",
            "nutrientNumber": "317",
            "unitName": "UG",
            "value": 0.6,
            "rank": 6200,
            "indentLevel": 1,
            "foodNutrientId": 34453247
        },
        {
            "nutrientId": 1105,
            "nutrientName": "Retinol",
            "nutrientNumber": "319",
            "unitName": "UG",
            "value": 0,
            "rank": 7430,
            "indentLevel": 2,
            "foodNutrientId": 34453248
        },
        {
            "nutrientId": 1106,
            "nutrientName": "Vitamin A, RAE",
            "nutrientNumber": "320",
            "unitName": "UG",
            "value": 0,
            "rank": 7420,
            "indentLevel": 1,
            "foodNutrientId": 34453249
        },
        {
            "nutrientId": 1107,
            "nutrientName": "Carotene, beta",
            "nutrientNumber": "321",
            "unitName": "UG",
            "value": 0,
            "rank": 7440,
            "indentLevel": 2,
            "foodNutrientId": 34453250
        },
        {
            "nutrientId": 1108,
            "nutrientName": "Carotene, alpha",
            "nutrientNumber": "322",
            "unitName": "UG",
            "value": 0,
            "rank": 7450,
            "indentLevel": 2,
            "foodNutrientId": 34453251
        },
        {
            "nutrientId": 1109,
            "nutrientName": "Vitamin E (alpha-tocopherol)",
            "nutrientNumber": "323",
            "unitName": "MG",
            "value": 0,
            "rank": 7905,
            "indentLevel": 1,
            "foodNutrientId": 34453252
        },
        {
            "nutrientId": 1114,
            "nutrientName": "Vitamin D (D2 + D3)",
            "nutrientNumber": "328",
            "unitName": "UG",
            "value": 0,
            "rank": 8700,
            "indentLevel": 1,
            "foodNutrientId": 34453253
        },
        {
            "nutrientId": 1120,
            "nutrientName": "Cryptoxanthin, beta",
            "nutrientNumber": "334",
            "unitName": "UG",
            "value": 0,
            "rank": 7460,
            "indentLevel": 2,
            "foodNutrientId": 34453254
        },
        {
            "nutrientId": 1122,
            "nutrientName": "Lycopene",
            "nutrientNumber": "337",
            "unitName": "UG",
            "value": 0,
            "rank": 7530,
            "indentLevel": 1,
            "foodNutrientId": 34453255
        },
        {
            "nutrientId": 1123,
            "nutrientName": "Lutein + zeaxanthin",
            "nutrientNumber": "338",
            "unitName": "UG",
            "value": 0,
            "rank": 7560,
            "indentLevel": 1,
            "foodNutrientId": 34453256
        },
        {
            "nutrientId": 1162,
            "nutrientName": "Vitamin C, total ascorbic acid",
            "nutrientNumber": "401",
            "unitName": "MG",
            "value": 0,
            "rank": 6300,
            "indentLevel": 1,
            "foodNutrientId": 34453257
        },
        {
            "nutrientId": 1165,
            "nutrientName": "Thiamin",
            "nutrientNumber": "404",
            "unitName": "MG",
            "value": 0,
            "rank": 6400,
            "indentLevel": 1,
            "foodNutrientId": 34453258
        },
        {
            "nutrientId": 1166,
            "nutrientName": "Riboflavin",
            "nutrientNumber": "405",
            "unitName": "MG",
            "value": 0.018,
            "rank": 6500,
            "indentLevel": 1,
            "foodNutrientId": 34453259
        },
        {
            "nutrientId": 1167,
            "nutrientName": "Niacin",
            "nutrientNumber": "406",
            "unitName": "MG",
            "value": 0,
            "rank": 6600,
            "indentLevel": 1,
            "foodNutrientId": 34453260
        },
        {
            "nutrientId": 1175,
            "nutrientName": "Vitamin B-6",
            "nutrientNumber": "415",
            "unitName": "MG",
            "value": 0,
            "rank": 6800,
            "indentLevel": 1,
            "foodNutrientId": 34453261
        },
        {
            "nutrientId": 1177,
            "nutrientName": "Folate, total",
            "nutrientNumber": "417",
            "unitName": "UG",
            "value": 0,
            "rank": 6900,
            "indentLevel": 1,
            "foodNutrientId": 34453262
        },
        {
            "nutrientId": 1178,
            "nutrientName": "Vitamin B-12",
            "nutrientNumber": "418",
            "unitName": "UG",
            "value": 0,
            "rank": 7300,
            "indentLevel": 1,
            "foodNutrientId": 34453263
        },
        {
            "nutrientId": 1180,
            "nutrientName": "Choline, total",
            "nutrientNumber": "421",
            "unitName": "MG",
            "value": 0,
            "rank": 7220,
            "indentLevel": 1,
            "foodNutrientId": 34453264
        },
        {
            "nutrientId": 1185,
            "nutrientName": "Vitamin K (phylloquinone)",
            "nutrientNumber": "430",
            "unitName": "UG",
            "value": 0,
            "rank": 8800,
            "indentLevel": 1,
            "foodNutrientId": 34453265
        },
        {
            "nutrientId": 1186,
            "nutrientName": "Folic acid",
            "nutrientNumber": "431",
            "unitName": "UG",
            "value": 0,
            "rank": 7000,
            "indentLevel": 0,
            "foodNutrientId": 34453266
        },
        {
            "nutrientId": 1187,
            "nutrientName": "Folate, food",
            "nutrientNumber": "432",
            "unitName": "UG",
            "value": 0,
            "rank": 7100,
            "indentLevel": 1,
            "foodNutrientId": 34453267
        },
        {
            "nutrientId": 1190,
            "nutrientName": "Folate, DFE",
            "nutrientNumber": "435",
            "unitName": "UG",
            "value": 0,
            "rank": 7200,
            "indentLevel": 1,
            "foodNutrientId": 34453268
        },
        {
            "nutrientId": 1242,
            "nutrientName": "Vitamin E, added",
            "nutrientNumber": "573",
            "unitName": "MG",
            "value": 0,
            "rank": 7920,
            "indentLevel": 0,
            "foodNutrientId": 34453269
        },
        {
            "nutrientId": 1246,
            "nutrientName": "Vitamin B-12, added",
            "nutrientNumber": "578",
            "unitName": "UG",
            "value": 0,
            "rank": 7340,
            "indentLevel": 0,
            "foodNutrientId": 34453270
        },
        {
            "nutrientId": 1253,
            "nutrientName": "Cholesterol",
            "nutrientNumber": "601",
            "unitName": "MG",
            "value": 0,
            "rank": 15700,
            "indentLevel": 1,
            "foodNutrientId": 34453271
        },
        {
            "nutrientId": 1258,
            "nutrientName": "Fatty acids, total saturated",
            "nutrientNumber": "606",
            "unitName": "G",
            "value": 0,
            "rank": 9700,
            "indentLevel": 1,
            "foodNutrientId": 34453272
        },
        {
            "nutrientId": 1259,
            "nutrientName": "SFA 4:0",
            "nutrientNumber": "607",
            "unitName": "G",
            "value": 0,
            "rank": 9800,
            "indentLevel": 2,
            "foodNutrientId": 34453273
        },
        {
            "nutrientId": 1260,
            "nutrientName": "SFA 6:0",
            "nutrientNumber": "608",
            "unitName": "G",
            "value": 0,
            "rank": 9900,
            "indentLevel": 2,
            "foodNutrientId": 34453274
        },
        {
            "nutrientId": 1261,
            "nutrientName": "SFA 8:0",
            "nutrientNumber": "609",
            "unitName": "G",
            "value": 0,
            "rank": 10000,
            "indentLevel": 2,
            "foodNutrientId": 34453275
        },
        {
            "nutrientId": 1262,
            "nutrientName": "SFA 10:0",
            "nutrientNumber": "610",
            "unitName": "G",
            "value": 0,
            "rank": 10100,
            "indentLevel": 2,
            "foodNutrientId": 34453276
        },
        {
            "nutrientId": 1263,
            "nutrientName": "SFA 12:0",
            "nutrientNumber": "611",
            "unitName": "G",
            "value": 0,
            "rank": 10300,
            "indentLevel": 2,
            "foodNutrientId": 34453277
        },
        {
            "nutrientId": 1264,
            "nutrientName": "SFA 14:0",
            "nutrientNumber": "612",
            "unitName": "G",
            "value": 0,
            "rank": 10500,
            "indentLevel": 2,
            "foodNutrientId": 34453278
        },
        {
            "nutrientId": 1265,
            "nutrientName": "SFA 16:0",
            "nutrientNumber": "613",
            "unitName": "G",
            "value": 0,
            "rank": 10700,
            "indentLevel": 2,
            "foodNutrientId": 34453279
        },
        {
            "nutrientId": 1266,
            "nutrientName": "SFA 18:0",
            "nutrientNumber": "614",
            "unitName": "G",
            "value": 0,
            "rank": 10900,
            "indentLevel": 2,
            "foodNutrientId": 34453280
        },
        {
            "nutrientId": 1268,
            "nutrientName": "MUFA 18:1",
            "nutrientNumber": "617",
            "unitName": "G",
            "value": 0,
            "rank": 12100,
            "indentLevel": 2,
            "foodNutrientId": 34453281
        },
        {
            "nutrientId": 1269,
            "nutrientName": "PUFA 18:2",
            "nutrientNumber": "618",
            "unitName": "G",
            "value": 0,
            "rank": 13100,
            "indentLevel": 2,
            "foodNutrientId": 34453282
        },
        {
            "nutrientId": 1270,
            "nutrientName": "PUFA 18:3",
            "nutrientNumber": "619",
            "unitName": "G",
            "value": 0,
            "rank": 13900,
            "indentLevel": 2,
            "foodNutrientId": 34453283
        },
        {
            "nutrientId": 1271,
            "nutrientName": "PUFA 20:4",
            "nutrientNumber": "620",
            "unitName": "G",
            "value": 0,
            "rank": 14700,
            "indentLevel": 2,
            "foodNutrientId": 34453284
        },
        {
            "nutrientId": 1272,
            "nutrientName": "PUFA 22:6 n-3 (DHA)",
            "nutrientNumber": "621",
            "unitName": "G",
            "value": 0,
            "rank": 15300,
            "indentLevel": 2,
            "foodNutrientId": 34453285
        },
        {
            "nutrientId": 1275,
            "nutrientName": "MUFA 16:1",
            "nutrientNumber": "626",
            "unitName": "G",
            "value": 0,
            "rank": 11700,
            "indentLevel": 2,
            "foodNutrientId": 34453286
        },
        {
            "nutrientId": 1276,
            "nutrientName": "PUFA 18:4",
            "nutrientNumber": "627",
            "unitName": "G",
            "value": 0,
            "rank": 14250,
            "indentLevel": 2,
            "foodNutrientId": 34453287
        },
        {
            "nutrientId": 1277,
            "nutrientName": "MUFA 20:1",
            "nutrientNumber": "628",
            "unitName": "G",
            "value": 0,
            "rank": 12400,
            "indentLevel": 2,
            "foodNutrientId": 34453288
        },
        {
            "nutrientId": 1278,
            "nutrientName": "PUFA 20:5 n-3 (EPA)",
            "nutrientNumber": "629",
            "unitName": "G",
            "value": 0,
            "rank": 15000,
            "indentLevel": 2,
            "foodNutrientId": 34453289
        },
        {
            "nutrientId": 1279,
            "nutrientName": "MUFA 22:1",
            "nutrientNumber": "630",
            "unitName": "G",
            "value": 0,
            "rank": 12500,
            "indentLevel": 2,
            "foodNutrientId": 34453290
        },
        {
            "nutrientId": 1280,
            "nutrientName": "PUFA 22:5 n-3 (DPA)",
            "nutrientNumber": "631",
            "unitName": "G",
            "value": 0,
            "rank": 15200,
            "indentLevel": 2,
            "foodNutrientId": 34453291
        },
        {
            "nutrientId": 1292,
            "nutrientName": "Fatty acids, total monounsaturated",
            "nutrientNumber": "645",
            "unitName": "G",
            "value": 0,
            "rank": 11400,
            "indentLevel": 1,
            "foodNutrientId": 34453292
        },
        {
            "nutrientId": 1293,
            "nutrientName": "Fatty acids, total polyunsaturated",
            "nutrientNumber": "646",
            "unitName": "G",
            "value": 0,
            "rank": 12900,
            "indentLevel": 1,
            "foodNutrientId": 34453293
        }
    ],
    "finalFoodInputFoods": [
        {
            "foodDescription": "Sugars, granulated",
            "gramWeight": 97,
            "id": 141697,
            "portionCode": "0",
            "portionDescription": "NONE",
            "unit": "GM",
            "rank": 1,
            "retentionCode": 0,
            "srCode": 19335,
            "value": 97.0
        },
        {
            "foodDescription": "Sweeteners, tabletop, sucralose, SPLENDA packets",
            "gramWeight": 3,
            "id": 141698,
            "portionCode": "0",
            "portionDescription": "NONE",
            "unit": "GM",
            "rank": 2,
            "retentionCode": 0,
            "srCode": 19868,
            "value": 3.0
        }
    ],
    "foodMeasures": [
        {
            "disseminationText": "Quantity not specified",
            "gramWeight": 4,
            "id": 309900,
            "modifier": "90000",
            "rank": 3,
            "measureUnitAbbreviation": "undetermined",
            "measureUnitName": "undetermined",
            "measureUnitId": 9999
        },
        {
            "disseminationText": "1 teaspoon",
            "gramWeight": 2,
            "id": 309898,
            "modifier": "22000",
            "rank": 1,
            "measureUnitAbbreviation": "undetermined",
            "measureUnitName": "undetermined",
            "measureUnitId": 9999
        },
        {
            "disseminationText": "Guideline amount per fl oz of beverage",
            "gramWeight": 0.3,
            "id": 309899,
            "modifier": "63480",
            "rank": 2,
            "measureUnitAbbreviation": "undetermined",
            "measureUnitName": "undetermined",
            "measureUnitId": 9999
        }
    ],
    "foodAttributes": [
        {
            "value": "Sugar substitutes",
            "name": "WWEIA Category description",
            "id": 3308072
        },
        {
            "value": "Moisture change: 0%",
            "id": 3323702
        },
        {
            "value": "8804",
            "name": "WWEIA Category number",
            "id": 3308071
        },
        {
            "value": "Domino Light",
            "id": 3317599,
            "sequenceNumber": 2
        }
    ],
    "foodAttributeTypes": [
        {
            "name": "Additional Description",
            "description": "Additional descriptions for the food.",
            "id": 1001,
            "foodAttributes": [
                {
                    "value": "Domino Light",
                    "id": 3317599,
                    "sequenceNumber": 2
                }
            ]
        },
        {
            "name": "Adjustments",
            "description": "Adjustments made to foods, including moisture changes",
            "id": 1002,
            "foodAttributes": [
                {
                    "value": "Moisture change: 0%",
                    "id": 3323702
                }
            ]
        },
        {
            "name": "Attribute",
            "description": "Generic attributes",
            "id": 999,
            "foodAttributes": [
                {
                    "value": "Sugar substitutes",
                    "name": "WWEIA Category description",
                    "id": 3308072
                },
                {
                    "value": "8804",
                    "name": "WWEIA Category number",
                    "id": 3308071
                }
            ]
        }
    ],
    "foodVersionIds": []
}