{
    "fdcId": 2501735,
    "description": "CHEESE ALTERNATIVE, NACHO",
    "dataType": "Branded",
    "gtinUpc": "049568510101",
    "publishedDate": "2023-03-16",
    "brandOwner": "Earth Island",
    "brandName": "FOLLOW YOUR HEART",
    "subbrandName": "VEGAN GOURMET",
    "ingredients": "(VEGAN, GLUTEN-FREE, DAIRY-FREE, NON-GMO): FILTERED WATER, ORGANIC EXPELLER-PRESSED SOYBEAN OIL, ORGANIC SOYMILK POWDER (ORGANIC SOYBEANS), NATURAL FLAVOR (CONTAINS AUTOLYZED YEAST), JALAPENO PEPPERS (JALAPENO PEPPERS, WATER, VINEGAR, SALT), INULIN (CHICORY ROOT EXTRACT), AGAR AGAR, SEA SALT, NUTRITIONAL YEAST, ORGANIC ONION, ORGANIC SOY PROTEIN, ORGANIC SPICES, LACTIC ACID (VEGETABLE SOURCE), RED BELL PEPPERS, ORGANIC GARLIC, ANNATTO.",
    "marketCountry": "United States",
    "foodCategory": "Cheese",
    "modifiedDate": "2019-03-05",
    "dataSource": "LI",
    "packageWeight": "10 oz/284 g",
    "servingSizeUnit": "MG",
    "servingSize": 28.0,
    "householdServingFullText": "1 oz",
    "shortDescription": "",
    "tradeChannels": [
        "NO_TRADE_CHANNEL"
    ],
    "allHighlightFields": "",
    "score": 21.028854,
    "microbes": [],
    "foodNutrients": [
        {
            "nutrientId": 1003,
            "nutrientName": "Protein",
            "nutrientNumber": "203",
            "unitName": "G",
            "derivationCode": "LCCS",
            "derivationDescription": "Calculated from value per serving size measure",
            "derivationId": 70,
            "value": 3.57,
            "foodNutrientSourceId": 9,
            "foodNutrientSourceCode": "12",
            "foodNutrientSourceDescription": "Manufacturer's analytical; partial documentation",
            "rank": 600,
            "indentLevel": 1,
            "foodNutrientId": 31069098
        },
        {
            "nutrientId": 1004,
            "nutrientName": "Total lipid (fat)",
            "nutrientNumber": "204",
            "unitName": "G",
            "derivationCode": "LCCS",
            "derivationDescription": "Calculated from value per serving size measure",
            "derivationId": 70,
            "value": 32.1,
            "foodNutrientSourceId": 9,
            "foodNutrientSourceCode": "12",
            "foodNutrientSourceDescription": "Manufacturer's analytical; partial documentation",
            "rank": 800,
            "indentLevel": 1,
            "foodNutrientId": 31069099,
            "percentDailyValue": 14
        },
        {
            "nutrientId": 1005,
            "nutrientName": "Carbohydrate, by difference",
            "nutrientNumber": "205",
            "unitName": "G",
            "derivationCode": "LCCS",
            "derivationDescription": "Calculated from value per serving size measure",
            "derivationId": 70,
            "value": 7.14,
            "foodNutrientSourceId": 9,
            "foodNutrientSourceCode": "12",
            "foodNutrientSourceDescription": "Manufacturer's analytical; partial documentation",
            "rank": 1110,
            "indentLevel": 2,
            "foodNutrientId": 31069100,
            "percentDailyValue": 1
        },
        {
            "nutrientId": 1008,
            "nutrientName": "Energy",
            "nutrientNumber": "208",
            "unitName": "KCAL",
            "derivationCode": "LCCS",
            "derivationDescription": "Calculated from value per serving size measure",
            "derivationId": 70,
            "value": 321,
            "foodNutrientSourceId": 9,
            "foodNutrientSourceCode": "12",
            "foodNutrientSourceDescription": "Manufacturer's analytical; partial documentation",
            "rank": 300,
            "indentLevel": 1,
            "foodNutrientId": 31069101
        },
        {
            "nutrientId": 2000,
            "nutrientName": "Total Sugars",
            "nutrientNumber": "269",
            "unitName": "G",
            "derivationCode": "LCCS",
            "derivationDescription": "Calculated from value per serving size measure",
            "derivationId": 70,
            "value": 0.0,
            "foodNutrientSourceId": 9,
            "foodNutrientSourceCode": "12",
            "foodNutrientSourceDescription": "Manufacturer's analytical; partial documentation",
            "rank": 1510,
            "indentLevel": 3,
            "foodNutrientId": 31069102
        },
        {
            "nutrientId": 1079,
            "nutrientName": "Fiber, total dietary",
            "nutrientNumber": "291",
            "unitName": "G",
            "derivationCode": "LCCS",
            "derivationDescription": "Calculated from value per serving size measure",
            "derivationId": 70,
            "value": 3.6,
            "foodNutrientSourceId": 9,
            "foodNutrientSourceCode": "12",
            "foodNutrientSourceDescription": "Manufacturer's analytical; partial documentation",
            "rank": 1200,
            "indentLevel": 3,
            "foodNutrientId": 31069103,
            "percentDailyValue": 4
        },
        {
            "nutrientId": 1087,
            "nutrientName": "Calcium, Ca",
            "nutrientNumber": "301",
            "unitName": "MG",
            "derivationCode": "LCCD",
            "derivationDescription": "Calculated from a daily value percentage per serving size measure",
            "derivationId": 75,
            "value": 0.0,
            "foodNutrientSourceId": 9,
            "foodNutrientSourceCode": "12",
            "foodNutrientSourceDescription": "Manufacturer's analytical; partial documentation",
            "rank": 5300,
            "indentLevel": 1,
            "foodNutrientId": 31069104,
            "percentDailyValue": 0
        },
        {
            "nutrientId": 1089,
            "nutrientName": "Iron, Fe",
            "nutrientNumber": "303",
            "unitName": "MG",
            "derivationCode": "LCCD",
            "derivationDescription": "Calculated from a daily value percentage per serving size measure",
            "derivationId": 75,
            "value": 1.29,
            "foodNutrientSourceId": 9,
            "foodNutrientSourceCode": "12",
            "foodNutrientSourceDescription": "Manufacturer's analytical; partial documentation",
            "rank": 5400,
            "indentLevel": 1,
            "foodNutrientId": 31069105,
            "percentDailyValue": 2
        },
        {
            "nutrientId": 1093,
            "nutrientName": "Sodium, Na",
            "nutrientNumber": "307",
            "unitName": "MG",
            "derivationCode": "LCCS",
            "derivationDescription": "Calculated from value per serving size measure",
            "derivationId": 70,
            "value": 714,
            "foodNutrientSourceId": 9,
            "foodNutrientSourceCode": "12",
            "foodNutrientSourceDescription": "Manufacturer's analytical; partial documentation",
            "rank": 5800,
            "indentLevel": 1,
            "foodNutrientId": 31069106,
            "percentDailyValue": 8
        },
        {
            "nutrientId": 1104,
            "nutrientName": "Vitamin A, IU",
            "nutrientNumber": "318",
            "unitName": "IU",
            "derivationCode": "LCCD",
            "derivationDescription": "Calculated from a daily value percentage per serving size measure",
            "derivationId": 75,
            "value": 357,
            "foodNutrientSourceId": 9,
            "foodNutrientSourceCode": "12",
            "foodNutrientSourceDescription": "Manufacturer's analytical; partial documentation",
            "rank": 7500,
            "indentLevel": 1,
            "foodNutrientId": 31069107,
            "percentDailyValue": 2
        },
        {
            "nutrientId": 1162,
            "nutrientName": "Vitamin C, total ascorbic acid",
            "nutrientNumber": "401",
            "unitName": "MG",
            "derivationCode": "LCCD",
            "derivationDescription": "Calculated from a daily value percentage per serving size measure",
            "derivationId": 75,
            "value": 4.3,
            "foodNutrientSourceId": 9,
            "foodNutrientSourceCode": "12",
            "foodNutrientSourceDescription": "Manufacturer's analytical; partial documentation",
            "rank": 6300,
            "indentLevel": 1,
            "foodNutrientId": 31069108,
            "percentDailyValue": 2
        },
        {
            "nutrientId": 1253,
            "nutrientName": "Cholesterol",
            "nutrientNumber": "601",
            "unitName": "MG",
            "derivationCode": "LCCS",
            "derivationDescription": "Calculated from value per serving size measure",
            "derivationId": 70,
            "value": 0.0,
            "foodNutrientSourceId": 9,
            "foodNutrientSourceCode": "12",
            "foodNutrientSourceDescription": "Manufacturer's analytical; partial documentation",
            "rank": 15700,
            "indentLevel": 1,
            "foodNutrientId": 31069109,
            "percentDailyValue": 0
        },
        {
            "nutrientId": 1257,
            "nutrientName": "Fatty acids, total trans",
            "nutrientNumber": "605",
            "unitName": "G",
            "derivationCode": "LCCS",
            "derivationDescription": "Calculated from value per serving size measure",
            "derivationId": 70,
            "value": 0.0,
            "foodNutrientSourceId": 9,
            "foodNutrientSourceCode": "12",
            "foodNutrientSourceDescription": "Manufacturer's analytical; partial documentation",
            "rank": 15400,
            "indentLevel": 1,
            "foodNutrientId": 31069110
        },
        {
            "nutrientId": 1258,
            "nutrientName": "Fatty acids, total saturated",
            "nutrientNumber": "606",
            "unitName": "G",
            "derivationCode": "LCCS",
            "derivationDescription": "Calculated from value per serving size measure",
            "derivationId": 70,
            "value": 5.36,
            "foodNutrientSourceId": 9,
            "foodNutrientSourceCode": "12",
            "foodNutrientSourceDescription": "Manufacturer's analytical; partial documentation",
            "rank": 9700,
            "indentLevel": 1,
            "foodNutrientId": 31069111,
            "percentDailyValue": 8
        }
    ],
    "finalFoodInputFoods": [],
    "foodMeasures": [],
    "foodAttributes": [],
    "foodAttributeTypes": [],
    "foodVersionIds": []
}