{
    "fdcId": 2546300,
    "description": "ALTERNATIVE CHEESE, CHEDDAR",
    "dataType": "Branded",
    "gtinUpc": "049568570808",
    "publishedDate": "2023-05-25",
    "brandOwner": "Earth Island",
    "brandName": "FOLLOW YOUR HEART",
    "subbrandName": "VEGAN GOURMET",
    "ingredients": "(VEGAN, GLUTEN-FREE, DAIRY-FREE, NON-GMO, SOY-FREE): FILTERED WATER, ORGANIC PALM FRUIT OIL*+, MODIFIED CORN AND POTATO STARCHES, NATURAL FLAVORS (PLANT SOURCES), LESS THAN 2% OF: BAMBOO FIBER, ORGANIC VEGETABLE GLYCERIN*, NUTRITIONAL YEAST, CELLULOSE, CALCIUM PHOSPHATE, RICE FLOUR, SEA SALT, LACTIC ACID (VEGETABLE SOURCE), PEA FIBER, PEA STARCH, CALCIUM LACTATE (VEGETABLE SOURCE), SUNFLOWER LECITHIN, CARRAGEENAN (VEGETABLE SOURCE), CALCIUM SULFATE, CITRIC ACID, ANNATTO (FOR COLOR), XANTHAN GUM, DISODIUM PHOSPHATE, SODIUM CITRATE.",
    "marketCountry": "United States",
    "foodCategory": "Cheese",
    "modifiedDate": "2018-01-19",
    "dataSource": "LI",
    "packageWeight": "5 lbs/80 oz",
    "servingSizeUnit": "GRM",
    "servingSize": 28.0,
    "householdServingFullText": "1 oz",
    "shortDescription": "",
    "tradeChannels": [
        "NO_TRADE_CHANNEL"
    ],
    "allHighlightFields": "",
    "score": 21.028854,
    "microbes": [],
    "foodNutrients": [
        {
            "nutrientId": 1003,
            "nutrientName": "Protein",
            "nutrientNumber": "203",
            "unitName": "G",
            "derivationCode": "LCCS",
            "derivationDescription": "Calculated from value per serving size measure",
            "derivationId": 70,
            "value": 0.0,
            "foodNutrientSourceId": 9,
            "foodNutrientSourceCode": "12",
            "foodNutrientSourceDescription": "Manufacturer's analytical; partial documentation",
            "rank": 600,
            "indentLevel": 1,
            "foodNutrientId": 31661295
        },
        {
            "nutrientId": 1004,
            "nutrientName": "Total lipid (fat)",
            "nutrientNumber": "204",
            "unitName": "G",
            "derivationCode": "LCCS",
            "derivationDescription": "Calculated from value per serving size measure",
            "derivationId": 70,
            "value": 25.0,
            "foodNutrientSourceId": 9,
            "foodNutrientSourceCode": "12",
            "foodNutrientSourceDescription": "Manufacturer's analytical; partial documentation",
            "rank": 800,
            "indentLevel": 1,
            "foodNutrientId": 31661296,
            "percentDailyValue": 11
        },
        {
            "nutrientId": 1005,
            "nutrientName": "Carbohydrate, by difference",
            "nutrientNumber": "205",
            "unitName": "G",
            "derivationCode": "LCCS",
            "derivationDescription": "Calculated from value per serving size measure",
            "derivationId": 70,
            "value": 21.4,
            "foodNutrientSourceId": 9,
            "foodNutrientSourceCode": "12",
            "foodNutrientSourceDescription": "Manufacturer's analytical; partial documentation",
            "rank": 1110,
            "indentLevel": 2,
            "foodNutrientId": 31661297,
            "percentDailyValue": 2
        },
        {
            "nutrientId": 1008,
            "nutrientName": "Energy",
            "nutrientNumber": "208",
            "unitName": "KCAL",
            "derivationCode": "LCCS",
            "derivationDescription": "Calculated from value per serving size measure",
            "derivationId": 70,
            "value": 286,
            "foodNutrientSourceId": 9,
            "foodNutrientSourceCode": "12",
            "foodNutrientSourceDescription": "Manufacturer's analytical; partial documentation",
            "rank": 300,
            "indentLevel": 1,
            "foodNutrientId": 31661298
        },
        {
            "nutrientId": 2000,
            "nutrientName": "Total Sugars",
            "nutrientNumber": "269",
            "unitName": "G",
            "derivationCode": "LCCS",
            "derivationDescription": "Calculated from value per serving size measure",
            "derivationId": 70,
            "value": 0.0,
            "foodNutrientSourceId": 9,
            "foodNutrientSourceCode": "12",
            "foodNutrientSourceDescription": "Manufacturer's analytical; partial documentation",
            "rank": 1510,
            "indentLevel": 3,
            "foodNutrientId": 31661299
        },
        {
            "nutrientId": 1079,
            "nutrientName": "Fiber, total dietary",
            "nutrientNumber": "291",
            "unitName": "G",
            "derivationCode": "LCCS",
            "derivationDescription": "Calculated from value per serving size measure",
            "derivationId": 70,
            "value": 3.6,
            "foodNutrientSourceId": 9,
            "foodNutrientSourceCode": "12",
            "foodNutrientSourceDescription": "Manufacturer's analytical; partial documentation",
            "rank": 1200,
            "indentLevel": 3,
            "foodNutrientId": 31661300,
            "percentDailyValue": 4
        },
        {
            "nutrientId": 1087,
            "nutrientName": "Calcium, Ca",
            "nutrientNumber": "301",
            "unitName": "MG",
            "derivationCode": "LCCD",
            "derivationDescription": "Calculated from a daily value percentage per serving size measure",
            "derivationId": 75,
            "value": 893,
            "foodNutrientSourceId": 9,
            "foodNutrientSourceCode": "12",
            "foodNutrientSourceDescription": "Manufacturer's analytical; partial documentation",
            "rank": 5300,
            "indentLevel": 1,
            "foodNutrientId": 31661301,
            "percentDailyValue": 25
        },
        {
            "nutrientId": 1089,
            "nutrientName": "Iron, Fe",
            "nutrientNumber": "303",
            "unitName": "MG",
            "derivationCode": "LCCD",
            "derivationDescription": "Calculated from a daily value percentage per serving size measure",
            "derivationId": 75,
            "value": 1.29,
            "foodNutrientSourceId": 9,
            "foodNutrientSourceCode": "12",
            "foodNutrientSourceDescription": "Manufacturer's analytical; partial documentation",
            "rank": 5400,
            "indentLevel": 1,
            "foodNutrientId": 31661302,
            "percentDailyValue": 2
        },
        {
            "nutrientId": 1093,
            "nutrientName": "Sodium, Na",
            "nutrientNumber": "307",
            "unitName": "MG",
            "derivationCode": "LCCS",
            "derivationDescription": "Calculated from value per serving size measure",
            "derivationId": 70,
            "value": 964,
            "foodNutrientSourceId": 9,
            "foodNutrientSourceCode": "12",
            "foodNutrientSourceDescription": "Manufacturer's analytical; partial documentation",
            "rank": 5800,
            "indentLevel": 1,
            "foodNutrientId": 31661303,
            "percentDailyValue": 11
        },
        {
            "nutrientId": 1104,
            "nutrientName": "Vitamin A, IU",
            "nutrientNumber": "318",
            "unitName": "IU",
            "derivationCode": "LCCD",
            "derivationDescription": "Calculated from a daily value percentage per serving size measure",
            "derivationId": 75,
            "value": 0.0,
            "foodNutrientSourceId": 9,
            "foodNutrientSourceCode": "12",
            "foodNutrientSourceDescription": "Manufacturer's analytical; partial documentation",
            "rank": 7500,
            "indentLevel": 1,
            "foodNutrientId": 31661304,
            "percentDailyValue": 0
        },
        {
            "nutrientId": 1162,
            "nutrientName": "Vitamin C, total ascorbic acid",
            "nutrientNumber": "401",
            "unitName": "MG",
            "derivationCode": "LCCD",
            "derivationDescription": "Calculated from a daily value percentage per serving size measure",
            "derivationId": 75,
            "value": 0.0,
            "foodNutrientSourceId": 9,
            "foodNutrientSourceCode": "12",
            "foodNutrientSourceDescription": "Manufacturer's analytical; partial documentation",
            "rank": 6300,
            "indentLevel": 1,
            "foodNutrientId": 31661305,
            "percentDailyValue": 0
        },
        {
            "nutrientId": 1253,
            "nutrientName": "Cholesterol",
            "nutrientNumber": "601",
            "unitName": "MG",
            "derivationCode": "LCCS",
            "derivationDescription": "Calculated from value per serving size measure",
            "derivationId": 70,
            "value": 0.0,
            "foodNutrientSourceId": 9,
            "foodNutrientSourceCode": "12",
            "foodNutrientSourceDescription": "Manufacturer's analytical; partial documentation",
            "rank": 15700,
            "indentLevel": 1,
            "foodNutrientId": 31661306,
            "percentDailyValue": 0
        },
        {
            "nutrientId": 1257,
            "nutrientName": "Fatty acids, total trans",
            "nutrientNumber": "605",
            "unitName": "G",
            "derivationCode": "LCCS",
            "derivationDescription": "Calculated from value per serving size measure",
            "derivationId": 70,
            "value": 0.0,
            "foodNutrientSourceId": 9,
            "foodNutrientSourceCode": "12",
            "foodNutrientSourceDescription": "Manufacturer's analytical; partial documentation",
            "rank": 15400,
            "indentLevel": 1,
            "foodNutrientId": 31661307
        },
        {
            "nutrientId": 1258,
            "nutrientName": "Fatty acids, total saturated",
            "nutrientNumber": "606",
            "unitName": "G",
            "derivationCode": "LCCS",
            "derivationDescription": "Calculated from value per serving size measure",
            "derivationId": 70,
            "value": 14.3,
            "foodNutrientSourceId": 9,
            "foodNutrientSourceCode": "12",
            "foodNutrientSourceDescription": "Manufacturer's analytical; partial documentation",
            "rank": 9700,
            "indentLevel": 1,
            "foodNutrientId": 31661308,
            "percentDailyValue": 20
        }
    ],
    "finalFoodInputFoods": [],
    "foodMeasures": [],
    "foodAttributes": [],
    "foodAttributeTypes": [],
    "foodVersionIds": []
}