{
    "fdcId": 174806,
    "description": "Snacks, Pretzels, gluten- free made with cornstarch and potato flour",
    "commonNames": "",
    "additionalDescriptions": "",
    "dataType": "SR Legacy",
    "ndbNumber": 25065,
    "publishedDate": "2019-04-01",
    "foodCategory": "Snacks",
    "allHighlightFields": "",
    "score": 470.28906,
    "microbes": [],
    "foodNutrients": [
        {
            "nutrientId": 1092,
            "nutrientName": "Potassium, K",
            "nutrientNumber": "306",
            "unitName": "MG",
            "derivationCode": "FLC",
            "derivationDescription": "Estimated formulation based on ingredient list; Linear program used to estimate ingredients; Claim on label/serving",
            "derivationId": 40,
            "value": 69.0,
            "foodNutrientSourceId": 2,
            "foodNutrientSourceCode": "4",
            "foodNutrientSourceDescription": "Calculated or imputed",
            "rank": 5700,
            "indentLevel": 1,
            "foodNutrientId": 1889650,
            "dataPoints": 0
        },
        {
            "nutrientId": 1095,
            "nutrientName": "Zinc, Zn",
            "nutrientNumber": "309",
            "unitName": "MG",
            "derivationCode": "FLC",
            "derivationDescription": "Estimated formulation based on ingredient list; Linear program used to estimate ingredients; Claim on label/serving",
            "derivationId": 40,
            "value": 0.09,
            "foodNutrientSourceId": 2,
            "foodNutrientSourceCode": "4",
            "foodNutrientSourceDescription": "Calculated or imputed",
            "rank": 5900,
            "indentLevel": 1,
            "foodNutrientId": 1889651,
            "dataPoints": 0
        },
        {
            "nutrientId": 1099,
            "nutrientName": "Fluoride, F",
            "nutrientNumber": "313",
            "unitName": "UG",
            "derivationCode": "FLC",
            "derivationDescription": "Estimated formulation based on ingredient list; Linear program used to estimate ingredients; Claim on label/serving",
            "derivationId": 40,
            "value": 0.1,
            "foodNutrientSourceId": 2,
            "foodNutrientSourceCode": "4",
            "foodNutrientSourceDescription": "Calculated or imputed",
            "rank": 6240,
            "indentLevel": 1,
            "foodNutrientId": 1889652,
            "dataPoints": 0
        },
        {
            "nutrientId": 1103,
            "nutrientName": "Selenium, Se",
            "nutrientNumber": "317",
            "unitName": "UG",
            "derivationCode": "FLC",
            "derivationDescription": "Estimated formulation based on ingredient list; Linear program used to estimate ingredients; Claim on label/serving",
            "derivationId": 40,
            "value": 2.2,
            "foodNutrientSourceId": 2,
            "foodNutrientSourceCode": "4",
            "foodNutrientSourceDescription": "Calculated or imputed",
            "rank": 6200,
            "indentLevel": 1,
            "foodNutrientId": 1889653,
            "dataPoints": 0
        },
        {
            "nutrientId": 1109,
            "nutrientName": "Vitamin E (alpha-tocopherol)",
            "nutrientNumber": "323",
            "unitName": "MG",
            "derivationCode": "FLC",
            "derivationDescription": "Estimated formulation based on ingredient list; Linear program used to estimate ingredients; Claim on label/serving",
            "derivationId": 40,
            "value": 1.07,
            "foodNutrientSourceId": 2,
            "foodNutrientSourceCode": "4",
            "foodNutrientSourceDescription": "Calculated or imputed",
            "rank": 7905,
            "indentLevel": 1,
            "foodNutrientId": 1889654,
            "dataPoints": 0
        },
        {
            "nutrientId": 1110,
            "nutrientName": "Vitamin D (D2 + D3), International Units",
            "nutrientNumber": "324",
            "unitName": "IU",
            "derivationCode": "FLC",
            "derivationDescription": "Estimated formulation based on ingredient list; Linear program used to estimate ingredients; Claim on label/serving",
            "derivationId": 40,
            "value": 0.0,
            "foodNutrientSourceId": 2,
            "foodNutrientSourceCode": "4",
            "foodNutrientSourceDescription": "Calculated or imputed",
            "rank": 8650,
            "indentLevel": 1,
            "foodNutrientId": 1889655,
            "dataPoints": 0
        },
        {
            "nutrientId": 1123,
            "nutrientName": "Lutein + zeaxanthin",
            "nutrientNumber": "338",
            "unitName": "UG",
            "derivationCode": "FLC",
            "derivationDescription": "Estimated formulation based on ingredient list; Linear program used to estimate ingredients; Claim on label/serving",
            "derivationId": 40,
            "value": 0.0,
            "foodNutrientSourceId": 2,
            "foodNutrientSourceCode": "4",
            "foodNutrientSourceDescription": "Calculated or imputed",
            "rank": 7560,
            "indentLevel": 1,
            "foodNutrientId": 1889656,
            "dataPoints": 0
        },
        {
            "nutrientId": 1125,
            "nutrientName": "Tocopherol, beta",
            "nutrientNumber": "341",
            "unitName": "MG",
            "derivationCode": "FLC",
            "derivationDescription": "Estimated formulation based on ingredient list; Linear program used to estimate ingredients; Claim on label/serving",
            "derivationId": 40,
            "value": 0.0,
            "foodNutrientSourceId": 2,
            "foodNutrientSourceCode": "4",
            "foodNutrientSourceDescription": "Calculated or imputed",
            "rank": 8000,
            "indentLevel": 2,
            "foodNutrientId": 1889657,
            "dataPoints": 0
        },
        {
            "nutrientId": 1126,
            "nutrientName": "Tocopherol, gamma",
            "nutrientNumber": "342",
            "unitName": "MG",
            "derivationCode": "FLC",
            "derivationDescription": "Estimated formulation based on ingredient list; Linear program used to estimate ingredients; Claim on label/serving",
            "derivationId": 40,
            "value": 0.0,
            "foodNutrientSourceId": 2,
            "foodNutrientSourceCode": "4",
            "foodNutrientSourceDescription": "Calculated or imputed",
            "rank": 8100,
            "indentLevel": 2,
            "foodNutrientId": 1889658,
            "dataPoints": 0
        },
        {
            "nutrientId": 1128,
            "nutrientName": "Tocotrienol, alpha",
            "nutrientNumber": "344",
            "unitName": "MG",
            "derivationCode": "FLC",
            "derivationDescription": "Estimated formulation based on ingredient list; Linear program used to estimate ingredients; Claim on label/serving",
            "derivationId": 40,
            "value": 1.47,
            "foodNutrientSourceId": 2,
            "foodNutrientSourceCode": "4",
            "foodNutrientSourceDescription": "Calculated or imputed",
            "rank": 8300,
            "indentLevel": 2,
            "foodNutrientId": 1889659,
            "dataPoints": 0
        },
        {
            "nutrientId": 1129,
            "nutrientName": "Tocotrienol, beta",
            "nutrientNumber": "345",
            "unitName": "MG",
            "derivationCode": "FLC",
            "derivationDescription": "Estimated formulation based on ingredient list; Linear program used to estimate ingredients; Claim on label/serving",
            "derivationId": 40,
            "value": 0.0,
            "foodNutrientSourceId": 2,
            "foodNutrientSourceCode": "4",
            "foodNutrientSourceDescription": "Calculated or imputed",
            "rank": 8400,
            "indentLevel": 2,
            "foodNutrientId": 1889660,
            "dataPoints": 0
        },
        {
            "nutrientId": 1167,
            "nutrientName": "Niacin",
            "nutrientNumber": "406",
            "unitName": "MG",
            "derivationCode": "FLC",
            "derivationDescription": "Estimated formulation based on ingredient list; Linear program used to estimate ingredients; Claim on label/serving",
            "derivationId": 40,
            "value": 0.232,
            "foodNutrientSourceId": 2,
            "foodNutrientSourceCode": "4",
            "foodNutrientSourceDescription": "Calculated or imputed",
            "rank": 6600,
            "indentLevel": 1,
            "foodNutrientId": 1889661,
            "dataPoints": 0
        },
        {
            "nutrientId": 1170,
            "nutrientName": "Pantothenic acid",
            "nutrientNumber": "410",
            "unitName": "MG",
            "derivationCode": "FLC",
            "derivationDescription": "Estimated formulation based on ingredient list; Linear program used to estimate ingredients; Claim on label/serving",
            "derivationId": 40,
            "value": 0.031,
            "foodNutrientSourceId": 2,
            "foodNutrientSourceCode": "4",
            "foodNutrientSourceDescription": "Calculated or imputed",
            "rank": 6700,
            "indentLevel": 1,
            "foodNutrientId": 1889662,
            "dataPoints": 0
        },
        {
            "nutrientId": 1175,
            "nutrientName": "Vitamin B-6",
            "nutrientNumber": "415",
            "unitName": "MG",
            "derivationCode": "FLC",
            "derivationDescription": "Estimated formulation based on ingredient list; Linear program used to estimate ingredients; Claim on label/serving",
            "derivationId": 40,
            "value": 0.051,
            "foodNutrientSourceId": 2,
            "foodNutrientSourceCode": "4",
            "foodNutrientSourceDescription": "Calculated or imputed",
            "rank": 6800,
            "indentLevel": 1,
            "foodNutrientId": 1889663,
            "dataPoints": 0
        },
        {
            "nutrientId": 1180,
            "nutrientName": "Choline, total",
            "nutrientNumber": "421",
            "unitName": "MG",
            "derivationCode": "FLC",
            "derivationDescription": "Estimated formulation based on ingredient list; Linear program used to estimate ingredients; Claim on label/serving",
            "derivationId": 40,
            "value": 2.9,
            "foodNutrientSourceId": 2,
            "foodNutrientSourceCode": "4",
            "foodNutrientSourceDescription": "Calculated or imputed",
            "rank": 7220,
            "indentLevel": 1,
            "foodNutrientId": 1889664,
            "dataPoints": 0
        },
        {
            "nutrientId": 1186,
            "nutrientName": "Folic acid",
            "nutrientNumber": "431",
            "unitName": "UG",
            "derivationCode": "FLC",
            "derivationDescription": "Estimated formulation based on ingredient list; Linear program used to estimate ingredients; Claim on label/serving",
            "derivationId": 40,
            "value": 0.0,
            "foodNutrientSourceId": 2,
            "foodNutrientSourceCode": "4",
            "foodNutrientSourceDescription": "Calculated or imputed",
            "rank": 7000,
            "indentLevel": 0,
            "foodNutrientId": 1889665,
            "dataPoints": 0
        },
        {
            "nutrientId": 1190,
            "nutrientName": "Folate, DFE",
            "nutrientNumber": "435",
            "unitName": "UG",
            "derivationCode": "NC",
            "derivationDescription": "Calculated",
            "derivationId": 49,
            "value": 2.0,
            "foodNutrientSourceId": 2,
            "foodNutrientSourceCode": "4",
            "foodNutrientSourceDescription": "Calculated or imputed",
            "rank": 7200,
            "indentLevel": 1,
            "foodNutrientId": 1889666,
            "dataPoints": 0
        },
        {
            "nutrientId": 1198,
            "nutrientName": "Betaine",
            "nutrientNumber": "454",
            "unitName": "MG",
            "derivationCode": "FLC",
            "derivationDescription": "Estimated formulation based on ingredient list; Linear program used to estimate ingredients; Claim on label/serving",
            "derivationId": 40,
            "value": 0.0,
            "foodNutrientSourceId": 2,
            "foodNutrientSourceCode": "4",
            "foodNutrientSourceDescription": "Calculated or imputed",
            "rank": 7290,
            "indentLevel": 1,
            "foodNutrientId": 1889667,
            "dataPoints": 0
        },
        {
            "nutrientId": 1212,
            "nutrientName": "Isoleucine",
            "nutrientNumber": "503",
            "unitName": "G",
            "derivationCode": "FLC",
            "derivationDescription": "Estimated formulation based on ingredient list; Linear program used to estimate ingredients; Claim on label/serving",
            "derivationId": 40,
            "value": 0.027,
            "foodNutrientSourceId": 2,
            "foodNutrientSourceCode": "4",
            "foodNutrientSourceDescription": "Calculated or imputed",
            "rank": 16500,
            "indentLevel": 1,
            "foodNutrientId": 1889668,
            "dataPoints": 0
        },
        {
            "nutrientId": 1213,
            "nutrientName": "Leucine",
            "nutrientNumber": "504",
            "unitName": "G",
            "derivationCode": "FLC",
            "derivationDescription": "Estimated formulation based on ingredient list; Linear program used to estimate ingredients; Claim on label/serving",
            "derivationId": 40,
            "value": 0.056,
            "foodNutrientSourceId": 2,
            "foodNutrientSourceCode": "4",
            "foodNutrientSourceDescription": "Calculated or imputed",
            "rank": 16600,
            "indentLevel": 1,
            "foodNutrientId": 1889669,
            "dataPoints": 0
        },
        {
            "nutrientId": 1214,
            "nutrientName": "Lysine",
            "nutrientNumber": "505",
            "unitName": "G",
            "derivationCode": "FLC",
            "derivationDescription": "Estimated formulation based on ingredient list; Linear program used to estimate ingredients; Claim on label/serving",
            "derivationId": 40,
            "value": 0.032,
            "foodNutrientSourceId": 2,
            "foodNutrientSourceCode": "4",
            "foodNutrientSourceDescription": "Calculated or imputed",
            "rank": 16700,
            "indentLevel": 1,
            "foodNutrientId": 1889670,
            "dataPoints": 0
        },
        {
            "nutrientId": 1216,
            "nutrientName": "Cystine",
            "nutrientNumber": "507",
            "unitName": "G",
            "derivationCode": "FLC",
            "derivationDescription": "Estimated formulation based on ingredient list; Linear program used to estimate ingredients; Claim on label/serving",
            "derivationId": 40,
            "value": 0.009,
            "foodNutrientSourceId": 2,
            "foodNutrientSourceCode": "4",
            "foodNutrientSourceDescription": "Calculated or imputed",
            "rank": 16900,
            "indentLevel": 1,
            "foodNutrientId": 1889671,
            "dataPoints": 0
        },
        {
            "nutrientId": 1008,
            "nutrientName": "Energy",
            "nutrientNumber": "208",
            "unitName": "KCAL",
            "derivationCode": "NC",
            "derivationDescription": "Calculated",
            "derivationId": 49,
            "value": 389,
            "foodNutrientSourceId": 2,
            "foodNutrientSourceCode": "4",
            "foodNutrientSourceDescription": "Calculated or imputed",
            "rank": 300,
            "indentLevel": 1,
            "foodNutrientId": 1889672,
            "dataPoints": 0
        },
        {
            "nutrientId": 1051,
            "nutrientName": "Water",
            "nutrientNumber": "255",
            "unitName": "G",
            "derivationCode": "FLC",
            "derivationDescription": "Estimated formulation based on ingredient list; Linear program used to estimate ingredients; Claim on label/serving",
            "derivationId": 40,
            "value": 6.91,
            "foodNutrientSourceId": 2,
            "foodNutrientSourceCode": "4",
            "foodNutrientSourceDescription": "Calculated or imputed",
            "rank": 100,
            "indentLevel": 1,
            "foodNutrientId": 1889673,
            "dataPoints": 0
        },
        {
            "nutrientId": 1057,
            "nutrientName": "Caffeine",
            "nutrientNumber": "262",
            "unitName": "MG",
            "derivationCode": "FLC",
            "derivationDescription": "Estimated formulation based on ingredient list; Linear program used to estimate ingredients; Claim on label/serving",
            "derivationId": 40,
            "value": 0.0,
            "foodNutrientSourceId": 2,
            "foodNutrientSourceCode": "4",
            "foodNutrientSourceDescription": "Calculated or imputed",
            "rank": 18300,
            "indentLevel": 0,
            "foodNutrientId": 1889674,
            "dataPoints": 0
        },
        {
            "nutrientId": 1058,
            "nutrientName": "Theobromine",
            "nutrientNumber": "263",
            "unitName": "MG",
            "derivationCode": "FLC",
            "derivationDescription": "Estimated formulation based on ingredient list; Linear program used to estimate ingredients; Claim on label/serving",
            "derivationId": 40,
            "value": 0.0,
            "foodNutrientSourceId": 2,
            "foodNutrientSourceCode": "4",
            "foodNutrientSourceDescription": "Calculated or imputed",
            "rank": 18400,
            "indentLevel": 0,
            "foodNutrientId": 1889675,
            "dataPoints": 0
        },
        {
            "nutrientId": 2000,
            "nutrientName": "Total Sugars",
            "nutrientNumber": "269",
            "unitName": "G",
            "derivationCode": "FLC",
            "derivationDescription": "Estimated formulation based on ingredient list; Linear program used to estimate ingredients; Claim on label/serving",
            "derivationId": 40,
            "value": 4.22,
            "foodNutrientSourceId": 2,
            "foodNutrientSourceCode": "4",
            "foodNutrientSourceDescription": "Calculated or imputed",
            "rank": 1510,
            "indentLevel": 3,
            "foodNutrientId": 1889676,
            "dataPoints": 0
        },
        {
            "nutrientId": 1004,
            "nutrientName": "Total lipid (fat)",
            "nutrientNumber": "204",
            "unitName": "G",
            "derivationCode": "FLC",
            "derivationDescription": "Estimated formulation based on ingredient list; Linear program used to estimate ingredients; Claim on label/serving",
            "derivationId": 40,
            "value": 6.67,
            "foodNutrientSourceId": 2,
            "foodNutrientSourceCode": "4",
            "foodNutrientSourceDescription": "Calculated or imputed",
            "rank": 800,
            "indentLevel": 1,
            "foodNutrientId": 1889677,
            "dataPoints": 0
        },
        {
            "nutrientId": 1219,
            "nutrientName": "Valine",
            "nutrientNumber": "510",
            "unitName": "G",
            "derivationCode": "FLC",
            "derivationDescription": "Estimated formulation based on ingredient list; Linear program used to estimate ingredients; Claim on label/serving",
            "derivationId": 40,
            "value": 0.034,
            "foodNutrientSourceId": 2,
            "foodNutrientSourceCode": "4",
            "foodNutrientSourceDescription": "Calculated or imputed",
            "rank": 17200,
            "indentLevel": 1,
            "foodNutrientId": 1889678,
            "dataPoints": 0
        },
        {
            "nutrientId": 1220,
            "nutrientName": "Arginine",
            "nutrientNumber": "511",
            "unitName": "G",
            "derivationCode": "FLC",
            "derivationDescription": "Estimated formulation based on ingredient list; Linear program used to estimate ingredients; Claim on label/serving",
            "derivationId": 40,
            "value": 0.034,
            "foodNutrientSourceId": 2,
            "foodNutrientSourceCode": "4",
            "foodNutrientSourceDescription": "Calculated or imputed",
            "rank": 17300,
            "indentLevel": 1,
            "foodNutrientId": 1889679,
            "dataPoints": 0
        },
        {
            "nutrientId": 1221,
            "nutrientName": "Histidine",
            "nutrientNumber": "512",
            "unitName": "G",
            "derivationCode": "FLC",
            "derivationDescription": "Estimated formulation based on ingredient list; Linear program used to estimate ingredients; Claim on label/serving",
            "derivationId": 40,
            "value": 0.017,
            "foodNutrientSourceId": 2,
            "foodNutrientSourceCode": "4",
            "foodNutrientSourceDescription": "Calculated or imputed",
            "rank": 17400,
            "indentLevel": 1,
            "foodNutrientId": 1889680,
            "dataPoints": 0
        },
        {
            "nutrientId": 1223,
            "nutrientName": "Aspartic acid",
            "nutrientNumber": "514",
            "unitName": "G",
            "derivationCode": "FLC",
            "derivationDescription": "Estimated formulation based on ingredient list; Linear program used to estimate ingredients; Claim on label/serving",
            "derivationId": 40,
            "value": 0.093,
            "foodNutrientSourceId": 2,
            "foodNutrientSourceCode": "4",
            "foodNutrientSourceDescription": "Calculated or imputed",
            "rank": 17600,
            "indentLevel": 1,
            "foodNutrientId": 1889681,
            "dataPoints": 0
        },
        {
            "nutrientId": 1227,
            "nutrientName": "Serine",
            "nutrientNumber": "518",
            "unitName": "G",
            "derivationCode": "FLC",
            "derivationDescription": "Estimated formulation based on ingredient list; Linear program used to estimate ingredients; Claim on label/serving",
            "derivationId": 40,
            "value": 0.025,
            "foodNutrientSourceId": 2,
            "foodNutrientSourceCode": "4",
            "foodNutrientSourceDescription": "Calculated or imputed",
            "rank": 18000,
            "indentLevel": 1,
            "foodNutrientId": 1889682,
            "dataPoints": 0
        },
        {
            "nutrientId": 1242,
            "nutrientName": "Vitamin E, added",
            "nutrientNumber": "573",
            "unitName": "MG",
            "derivationCode": "FLC",
            "derivationDescription": "Estimated formulation based on ingredient list; Linear program used to estimate ingredients; Claim on label/serving",
            "derivationId": 40,
            "value": 0.0,
            "foodNutrientSourceId": 2,
            "foodNutrientSourceCode": "4",
            "foodNutrientSourceDescription": "Calculated or imputed",
            "rank": 7920,
            "indentLevel": 0,
            "foodNutrientId": 1889683,
            "dataPoints": 0
        },
        {
            "nutrientId": 1259,
            "nutrientName": "SFA 4:0",
            "nutrientNumber": "607",
            "unitName": "G",
            "derivationCode": "FLC",
            "derivationDescription": "Estimated formulation based on ingredient list; Linear program used to estimate ingredients; Claim on label/serving",
            "derivationId": 40,
            "value": 0.0,
            "foodNutrientSourceId": 2,
            "foodNutrientSourceCode": "4",
            "foodNutrientSourceDescription": "Calculated or imputed",
            "rank": 9800,
            "indentLevel": 2,
            "foodNutrientId": 1889684,
            "dataPoints": 0
        },
        {
            "nutrientId": 1260,
            "nutrientName": "SFA 6:0",
            "nutrientNumber": "608",
            "unitName": "G",
            "derivationCode": "FLC",
            "derivationDescription": "Estimated formulation based on ingredient list; Linear program used to estimate ingredients; Claim on label/serving",
            "derivationId": 40,
            "value": 0.0,
            "foodNutrientSourceId": 2,
            "foodNutrientSourceCode": "4",
            "foodNutrientSourceDescription": "Calculated or imputed",
            "rank": 9900,
            "indentLevel": 2,
            "foodNutrientId": 1889685,
            "dataPoints": 0
        },
        {
            "nutrientId": 1262,
            "nutrientName": "SFA 10:0",
            "nutrientNumber": "610",
            "unitName": "G",
            "derivationCode": "FLC",
            "derivationDescription": "Estimated formulation based on ingredient list; Linear program used to estimate ingredients; Claim on label/serving",
            "derivationId": 40,
            "value": 0.0,
            "foodNutrientSourceId": 2,
            "foodNutrientSourceCode": "4",
            "foodNutrientSourceDescription": "Calculated or imputed",
            "rank": 10100,
            "indentLevel": 2,
            "foodNutrientId": 1889686,
            "dataPoints": 0
        },
        {
            "nutrientId": 1265,
            "nutrientName": "SFA 16:0",
            "nutrientNumber": "613",
            "unitName": "G",
            "derivationCode": "FLC",
            "derivationDescription": "Estimated formulation based on ingredient list; Linear program used to estimate ingredients; Claim on label/serving",
            "derivationId": 40,
            "value": 2.94,
            "foodNutrientSourceId": 2,
            "foodNutrientSourceCode": "4",
            "foodNutrientSourceDescription": "Calculated or imputed",
            "rank": 10700,
            "indentLevel": 2,
            "foodNutrientId": 1889687,
            "dataPoints": 0
        },
        {
            "nutrientId": 1266,
            "nutrientName": "SFA 18:0",
            "nutrientNumber": "614",
            "unitName": "G",
            "derivationCode": "FLC",
            "derivationDescription": "Estimated formulation based on ingredient list; Linear program used to estimate ingredients; Claim on label/serving",
            "derivationId": 40,
            "value": 0.291,
            "foodNutrientSourceId": 2,
            "foodNutrientSourceCode": "4",
            "foodNutrientSourceDescription": "Calculated or imputed",
            "rank": 10900,
            "indentLevel": 2,
            "foodNutrientId": 1889688,
            "dataPoints": 0
        },
        {
            "nutrientId": 1268,
            "nutrientName": "MUFA 18:1",
            "nutrientNumber": "617",
            "unitName": "G",
            "derivationCode": "FLC",
            "derivationDescription": "Estimated formulation based on ingredient list; Linear program used to estimate ingredients; Claim on label/serving",
            "derivationId": 40,
            "value": 2.38,
            "foodNutrientSourceId": 2,
            "foodNutrientSourceCode": "4",
            "foodNutrientSourceDescription": "Calculated or imputed",
            "rank": 12100,
            "indentLevel": 2,
            "foodNutrientId": 1889689,
            "dataPoints": 0
        },
        {
            "nutrientId": 1269,
            "nutrientName": "PUFA 18:2",
            "nutrientNumber": "618",
            "unitName": "G",
            "derivationCode": "FLC",
            "derivationDescription": "Estimated formulation based on ingredient list; Linear program used to estimate ingredients; Claim on label/serving",
            "derivationId": 40,
            "value": 0.615,
            "foodNutrientSourceId": 2,
            "foodNutrientSourceCode": "4",
            "foodNutrientSourceDescription": "Calculated or imputed",
            "rank": 13100,
            "indentLevel": 2,
            "foodNutrientId": 1889690,
            "dataPoints": 0
        },
        {
            "nutrientId": 1270,
            "nutrientName": "PUFA 18:3",
            "nutrientNumber": "619",
            "unitName": "G",
            "derivationCode": "FLC",
            "derivationDescription": "Estimated formulation based on ingredient list; Linear program used to estimate ingredients; Claim on label/serving",
            "derivationId": 40,
            "value": 0.015,
            "foodNutrientSourceId": 2,
            "foodNutrientSourceCode": "4",
            "foodNutrientSourceDescription": "Calculated or imputed",
            "rank": 13900,
            "indentLevel": 2,
            "foodNutrientId": 1889691,
            "dataPoints": 0
        },
        {
            "nutrientId": 1271,
            "nutrientName": "PUFA 20:4",
            "nutrientNumber": "620",
            "unitName": "G",
            "derivationCode": "FLC",
            "derivationDescription": "Estimated formulation based on ingredient list; Linear program used to estimate ingredients; Claim on label/serving",
            "derivationId": 40,
            "value": 0.0,
            "foodNutrientSourceId": 2,
            "foodNutrientSourceCode": "4",
            "foodNutrientSourceDescription": "Calculated or imputed",
            "rank": 14700,
            "indentLevel": 2,
            "foodNutrientId": 1889692,
            "dataPoints": 0
        },
        {
            "nutrientId": 1276,
            "nutrientName": "PUFA 18:4",
            "nutrientNumber": "627",
            "unitName": "G",
            "derivationCode": "FLC",
            "derivationDescription": "Estimated formulation based on ingredient list; Linear program used to estimate ingredients; Claim on label/serving",
            "derivationId": 40,
            "value": 0.0,
            "foodNutrientSourceId": 2,
            "foodNutrientSourceCode": "4",
            "foodNutrientSourceDescription": "Calculated or imputed",
            "rank": 14250,
            "indentLevel": 2,
            "foodNutrientId": 1889693,
            "dataPoints": 0
        },
        {
            "nutrientId": 1277,
            "nutrientName": "MUFA 20:1",
            "nutrientNumber": "628",
            "unitName": "G",
            "derivationCode": "FLC",
            "derivationDescription": "Estimated formulation based on ingredient list; Linear program used to estimate ingredients; Claim on label/serving",
            "derivationId": 40,
            "value": 0.006,
            "foodNutrientSourceId": 2,
            "foodNutrientSourceCode": "4",
            "foodNutrientSourceDescription": "Calculated or imputed",
            "rank": 12400,
            "indentLevel": 2,
            "foodNutrientId": 1889694,
            "dataPoints": 0
        },
        {
            "nutrientId": 1279,
            "nutrientName": "MUFA 22:1",
            "nutrientNumber": "630",
            "unitName": "G",
            "derivationCode": "FLC",
            "derivationDescription": "Estimated formulation based on ingredient list; Linear program used to estimate ingredients; Claim on label/serving",
            "derivationId": 40,
            "value": 0.0,
            "foodNutrientSourceId": 2,
            "foodNutrientSourceCode": "4",
            "foodNutrientSourceDescription": "Calculated or imputed",
            "rank": 12500,
            "indentLevel": 2,
            "foodNutrientId": 1889695,
            "dataPoints": 0
        },
        {
            "nutrientId": 1292,
            "nutrientName": "Fatty acids, total monounsaturated",
            "nutrientNumber": "645",
            "unitName": "G",
            "derivationCode": "FLC",
            "derivationDescription": "Estimated formulation based on ingredient list; Linear program used to estimate ingredients; Claim on label/serving",
            "derivationId": 40,
            "value": 2.41,
            "foodNutrientSourceId": 2,
            "foodNutrientSourceCode": "4",
            "foodNutrientSourceDescription": "Calculated or imputed",
            "rank": 11400,
            "indentLevel": 1,
            "foodNutrientId": 1889696,
            "dataPoints": 0
        },
        {
            "nutrientId": 1293,
            "nutrientName": "Fatty acids, total polyunsaturated",
            "nutrientNumber": "646",
            "unitName": "G",
            "derivationCode": "FLC",
            "derivationDescription": "Estimated formulation based on ingredient list; Linear program used to estimate ingredients; Claim on label/serving",
            "derivationId": 40,
            "value": 0.63,
            "foodNutrientSourceId": 2,
            "foodNutrientSourceCode": "4",
            "foodNutrientSourceDescription": "Calculated or imputed",
            "rank": 12900,
            "indentLevel": 1,
            "foodNutrientId": 1889697,
            "dataPoints": 0
        },
        {
            "nutrientId": 1007,
            "nutrientName": "Ash",
            "nutrientNumber": "207",
            "unitName": "G",
            "derivationCode": "FLC",
            "derivationDescription": "Estimated formulation based on ingredient list; Linear program used to estimate ingredients; Claim on label/serving",
            "derivationId": 40,
            "value": 4.28,
            "foodNutrientSourceId": 2,
            "foodNutrientSourceCode": "4",
            "foodNutrientSourceDescription": "Calculated or imputed",
            "rank": 1000,
            "indentLevel": 1,
            "foodNutrientId": 1889698,
            "dataPoints": 0
        },
        {
            "nutrientId": 1018,
            "nutrientName": "Alcohol, ethyl",
            "nutrientNumber": "221",
            "unitName": "G",
            "derivationCode": "FLC",
            "derivationDescription": "Estimated formulation based on ingredient list; Linear program used to estimate ingredients; Claim on label/serving",
            "derivationId": 40,
            "value": 0.0,
            "foodNutrientSourceId": 2,
            "foodNutrientSourceCode": "4",
            "foodNutrientSourceDescription": "Calculated or imputed",
            "rank": 18200,
            "indentLevel": 1,
            "foodNutrientId": 1889699,
            "dataPoints": 0
        },
        {
            "nutrientId": 1062,
            "nutrientName": "Energy",
            "nutrientNumber": "268",
            "unitName": "kJ",
            "derivationCode": "NC",
            "derivationDescription": "Calculated",
            "derivationId": 49,
            "value": 1630.0,
            "foodNutrientSourceId": 2,
            "foodNutrientSourceCode": "4",
            "foodNutrientSourceDescription": "Calculated or imputed",
            "rank": 400,
            "indentLevel": 1,
            "foodNutrientId": 1889700,
            "dataPoints": 0
        },
        {
            "nutrientId": 1079,
            "nutrientName": "Fiber, total dietary",
            "nutrientNumber": "291",
            "unitName": "G",
            "derivationCode": "FLC",
            "derivationDescription": "Estimated formulation based on ingredient list; Linear program used to estimate ingredients; Claim on label/serving",
            "derivationId": 40,
            "value": 3.3,
            "foodNutrientSourceId": 2,
            "foodNutrientSourceCode": "4",
            "foodNutrientSourceDescription": "Calculated or imputed",
            "rank": 1200,
            "indentLevel": 3,
            "foodNutrientId": 1889701,
            "dataPoints": 0
        },
        {
            "nutrientId": 1089,
            "nutrientName": "Iron, Fe",
            "nutrientNumber": "303",
            "unitName": "MG",
            "derivationCode": "FLC",
            "derivationDescription": "Estimated formulation based on ingredient list; Linear program used to estimate ingredients; Claim on label/serving",
            "derivationId": 40,
            "value": 0.46,
            "foodNutrientSourceId": 2,
            "foodNutrientSourceCode": "4",
            "foodNutrientSourceDescription": "Calculated or imputed",
            "rank": 5400,
            "indentLevel": 1,
            "foodNutrientId": 1889702,
            "dataPoints": 0
        },
        {
            "nutrientId": 1090,
            "nutrientName": "Magnesium, Mg",
            "nutrientNumber": "304",
            "unitName": "MG",
            "derivationCode": "FLC",
            "derivationDescription": "Estimated formulation based on ingredient list; Linear program used to estimate ingredients; Claim on label/serving",
            "derivationId": 40,
            "value": 7.0,
            "foodNutrientSourceId": 2,
            "foodNutrientSourceCode": "4",
            "foodNutrientSourceDescription": "Calculated or imputed",
            "rank": 5500,
            "indentLevel": 1,
            "foodNutrientId": 1889703,
            "dataPoints": 0
        },
        {
            "nutrientId": 1091,
            "nutrientName": "Phosphorus, P",
            "nutrientNumber": "305",
            "unitName": "MG",
            "derivationCode": "FLC",
            "derivationDescription": "Estimated formulation based on ingredient list; Linear program used to estimate ingredients; Claim on label/serving",
            "derivationId": 40,
            "value": 21.0,
            "foodNutrientSourceId": 2,
            "foodNutrientSourceCode": "4",
            "foodNutrientSourceDescription": "Calculated or imputed",
            "rank": 5600,
            "indentLevel": 1,
            "foodNutrientId": 1889704,
            "dataPoints": 0
        },
        {
            "nutrientId": 1093,
            "nutrientName": "Sodium, Na",
            "nutrientNumber": "307",
            "unitName": "MG",
            "derivationCode": "FLC",
            "derivationDescription": "Estimated formulation based on ingredient list; Linear program used to estimate ingredients; Claim on label/serving",
            "derivationId": 40,
            "value": 1570.0,
            "foodNutrientSourceId": 2,
            "foodNutrientSourceCode": "4",
            "foodNutrientSourceDescription": "Calculated or imputed",
            "rank": 5800,
            "indentLevel": 1,
            "foodNutrientId": 1889705,
            "dataPoints": 0
        },
        {
            "nutrientId": 1098,
            "nutrientName": "Copper, Cu",
            "nutrientNumber": "312",
            "unitName": "MG",
            "derivationCode": "FLC",
            "derivationDescription": "Estimated formulation based on ingredient list; Linear program used to estimate ingredients; Claim on label/serving",
            "derivationId": 40,
            "value": 0.052,
            "foodNutrientSourceId": 2,
            "foodNutrientSourceCode": "4",
            "foodNutrientSourceDescription": "Calculated or imputed",
            "rank": 6000,
            "indentLevel": 1,
            "foodNutrientId": 1889706,
            "dataPoints": 0
        },
        {
            "nutrientId": 1101,
            "nutrientName": "Manganese, Mn",
            "nutrientNumber": "315",
            "unitName": "MG",
            "derivationCode": "FLC",
            "derivationDescription": "Estimated formulation based on ingredient list; Linear program used to estimate ingredients; Claim on label/serving",
            "derivationId": 40,
            "value": 0.065,
            "foodNutrientSourceId": 2,
            "foodNutrientSourceCode": "4",
            "foodNutrientSourceDescription": "Calculated or imputed",
            "rank": 6100,
            "indentLevel": 1,
            "foodNutrientId": 1889707,
            "dataPoints": 0
        },
        {
            "nutrientId": 1104,
            "nutrientName": "Vitamin A, IU",
            "nutrientNumber": "318",
            "unitName": "IU",
            "derivationCode": "FLC",
            "derivationDescription": "Estimated formulation based on ingredient list; Linear program used to estimate ingredients; Claim on label/serving",
            "derivationId": 40,
            "value": 0.0,
            "foodNutrientSourceId": 2,
            "foodNutrientSourceCode": "4",
            "foodNutrientSourceDescription": "Calculated or imputed",
            "rank": 7500,
            "indentLevel": 1,
            "foodNutrientId": 1889708,
            "dataPoints": 0
        },
        {
            "nutrientId": 1105,
            "nutrientName": "Retinol",
            "nutrientNumber": "319",
            "unitName": "UG",
            "derivationCode": "FLC",
            "derivationDescription": "Estimated formulation based on ingredient list; Linear program used to estimate ingredients; Claim on label/serving",
            "derivationId": 40,
            "value": 0.0,
            "foodNutrientSourceId": 2,
            "foodNutrientSourceCode": "4",
            "foodNutrientSourceDescription": "Calculated or imputed",
            "rank": 7430,
            "indentLevel": 2,
            "foodNutrientId": 1889709,
            "dataPoints": 0
        },
        {
            "nutrientId": 1106,
            "nutrientName": "Vitamin A, RAE",
            "nutrientNumber": "320",
            "unitName": "UG",
            "derivationCode": "NC",
            "derivationDescription": "Calculated",
            "derivationId": 49,
            "value": 0.0,
            "foodNutrientSourceId": 2,
            "foodNutrientSourceCode": "4",
            "foodNutrientSourceDescription": "Calculated or imputed",
            "rank": 7420,
            "indentLevel": 1,
            "foodNutrientId": 1889710,
            "dataPoints": 0
        },
        {
            "nutrientId": 1107,
            "nutrientName": "Carotene, beta",
            "nutrientNumber": "321",
            "unitName": "UG",
            "derivationCode": "FLC",
            "derivationDescription": "Estimated formulation based on ingredient list; Linear program used to estimate ingredients; Claim on label/serving",
            "derivationId": 40,
            "value": 0.0,
            "foodNutrientSourceId": 2,
            "foodNutrientSourceCode": "4",
            "foodNutrientSourceDescription": "Calculated or imputed",
            "rank": 7440,
            "indentLevel": 2,
            "foodNutrientId": 1889711,
            "dataPoints": 0
        },
        {
            "nutrientId": 1108,
            "nutrientName": "Carotene, alpha",
            "nutrientNumber": "322",
            "unitName": "UG",
            "derivationCode": "FLC",
            "derivationDescription": "Estimated formulation based on ingredient list; Linear program used to estimate ingredients; Claim on label/serving",
            "derivationId": 40,
            "value": 0.0,
            "foodNutrientSourceId": 2,
            "foodNutrientSourceCode": "4",
            "foodNutrientSourceDescription": "Calculated or imputed",
            "rank": 7450,
            "indentLevel": 2,
            "foodNutrientId": 1889712,
            "dataPoints": 0
        },
        {
            "nutrientId": 1114,
            "nutrientName": "Vitamin D (D2 + D3)",
            "nutrientNumber": "328",
            "unitName": "UG",
            "derivationCode": "FLC",
            "derivationDescription": "Estimated formulation based on ingredient list; Linear program used to estimate ingredients; Claim on label/serving",
            "derivationId": 40,
            "value": 0.0,
            "foodNutrientSourceId": 2,
            "foodNutrientSourceCode": "4",
            "foodNutrientSourceDescription": "Calculated or imputed",
            "rank": 8700,
            "indentLevel": 1,
            "foodNutrientId": 1889713,
            "dataPoints": 0
        },
        {
            "nutrientId": 1120,
            "nutrientName": "Cryptoxanthin, beta",
            "nutrientNumber": "334",
            "unitName": "UG",
            "derivationCode": "FLC",
            "derivationDescription": "Estimated formulation based on ingredient list; Linear program used to estimate ingredients; Claim on label/serving",
            "derivationId": 40,
            "value": 0.0,
            "foodNutrientSourceId": 2,
            "foodNutrientSourceCode": "4",
            "foodNutrientSourceDescription": "Calculated or imputed",
            "rank": 7460,
            "indentLevel": 2,
            "foodNutrientId": 1889714,
            "dataPoints": 0
        },
        {
            "nutrientId": 1122,
            "nutrientName": "Lycopene",
            "nutrientNumber": "337",
            "unitName": "UG",
            "derivationCode": "FLC",
            "derivationDescription": "Estimated formulation based on ingredient list; Linear program used to estimate ingredients; Claim on label/serving",
            "derivationId": 40,
            "value": 0.0,
            "foodNutrientSourceId": 2,
            "foodNutrientSourceCode": "4",
            "foodNutrientSourceDescription": "Calculated or imputed",
            "rank": 7530,
            "indentLevel": 1,
            "foodNutrientId": 1889715,
            "dataPoints": 0
        },
        {
            "nutrientId": 1127,
            "nutrientName": "Tocopherol, delta",
            "nutrientNumber": "343",
            "unitName": "MG",
            "derivationCode": "FLC",
            "derivationDescription": "Estimated formulation based on ingredient list; Linear program used to estimate ingredients; Claim on label/serving",
            "derivationId": 40,
            "value": 0.0,
            "foodNutrientSourceId": 2,
            "foodNutrientSourceCode": "4",
            "foodNutrientSourceDescription": "Calculated or imputed",
            "rank": 8200,
            "indentLevel": 2,
            "foodNutrientId": 1889716,
            "dataPoints": 0
        },
        {
            "nutrientId": 1130,
            "nutrientName": "Tocotrienol, gamma",
            "nutrientNumber": "346",
            "unitName": "MG",
            "derivationCode": "FLC",
            "derivationDescription": "Estimated formulation based on ingredient list; Linear program used to estimate ingredients; Claim on label/serving",
            "derivationId": 40,
            "value": 1.01,
            "foodNutrientSourceId": 2,
            "foodNutrientSourceCode": "4",
            "foodNutrientSourceDescription": "Calculated or imputed",
            "rank": 8500,
            "indentLevel": 2,
            "foodNutrientId": 1889717,
            "dataPoints": 0
        },
        {
            "nutrientId": 1131,
            "nutrientName": "Tocotrienol, delta",
            "nutrientNumber": "347",
            "unitName": "MG",
            "derivationCode": "FLC",
            "derivationDescription": "Estimated formulation based on ingredient list; Linear program used to estimate ingredients; Claim on label/serving",
            "derivationId": 40,
            "value": 0.08,
            "foodNutrientSourceId": 2,
            "foodNutrientSourceCode": "4",
            "foodNutrientSourceDescription": "Calculated or imputed",
            "rank": 8600,
            "indentLevel": 2,
            "foodNutrientId": 1889718,
            "dataPoints": 0
        },
        {
            "nutrientId": 1162,
            "nutrientName": "Vitamin C, total ascorbic acid",
            "nutrientNumber": "401",
            "unitName": "MG",
            "derivationCode": "FLC",
            "derivationDescription": "Estimated formulation based on ingredient list; Linear program used to estimate ingredients; Claim on label/serving",
            "derivationId": 40,
            "value": 0.3,
            "foodNutrientSourceId": 2,
            "foodNutrientSourceCode": "4",
            "foodNutrientSourceDescription": "Calculated or imputed",
            "rank": 6300,
            "indentLevel": 1,
            "foodNutrientId": 1889719,
            "dataPoints": 0
        },
        {
            "nutrientId": 1165,
            "nutrientName": "Thiamin",
            "nutrientNumber": "404",
            "unitName": "MG",
            "derivationCode": "FLC",
            "derivationDescription": "Estimated formulation based on ingredient list; Linear program used to estimate ingredients; Claim on label/serving",
            "derivationId": 40,
            "value": 0.015,
            "foodNutrientSourceId": 2,
            "foodNutrientSourceCode": "4",
            "foodNutrientSourceDescription": "Calculated or imputed",
            "rank": 6400,
            "indentLevel": 1,
            "foodNutrientId": 1889720,
            "dataPoints": 0
        },
        {
            "nutrientId": 1166,
            "nutrientName": "Riboflavin",
            "nutrientNumber": "405",
            "unitName": "MG",
            "derivationCode": "FLC",
            "derivationDescription": "Estimated formulation based on ingredient list; Linear program used to estimate ingredients; Claim on label/serving",
            "derivationId": 40,
            "value": 0.003,
            "foodNutrientSourceId": 2,
            "foodNutrientSourceCode": "4",
            "foodNutrientSourceDescription": "Calculated or imputed",
            "rank": 6500,
            "indentLevel": 1,
            "foodNutrientId": 1889721,
            "dataPoints": 0
        },
        {
            "nutrientId": 1177,
            "nutrientName": "Folate, total",
            "nutrientNumber": "417",
            "unitName": "UG",
            "derivationCode": "FLC",
            "derivationDescription": "Estimated formulation based on ingredient list; Linear program used to estimate ingredients; Claim on label/serving",
            "derivationId": 40,
            "value": 2.0,
            "foodNutrientSourceId": 2,
            "foodNutrientSourceCode": "4",
            "foodNutrientSourceDescription": "Calculated or imputed",
            "rank": 6900,
            "indentLevel": 1,
            "foodNutrientId": 1889722,
            "dataPoints": 0
        },
        {
            "nutrientId": 1178,
            "nutrientName": "Vitamin B-12",
            "nutrientNumber": "418",
            "unitName": "UG",
            "derivationCode": "FLC",
            "derivationDescription": "Estimated formulation based on ingredient list; Linear program used to estimate ingredients; Claim on label/serving",
            "derivationId": 40,
            "value": 0.0,
            "foodNutrientSourceId": 2,
            "foodNutrientSourceCode": "4",
            "foodNutrientSourceDescription": "Calculated or imputed",
            "rank": 7300,
            "indentLevel": 1,
            "foodNutrientId": 1889723,
            "dataPoints": 0
        },
        {
            "nutrientId": 1185,
            "nutrientName": "Vitamin K (phylloquinone)",
            "nutrientNumber": "430",
            "unitName": "UG",
            "derivationCode": "FLC",
            "derivationDescription": "Estimated formulation based on ingredient list; Linear program used to estimate ingredients; Claim on label/serving",
            "derivationId": 40,
            "value": 0.5,
            "foodNutrientSourceId": 2,
            "foodNutrientSourceCode": "4",
            "foodNutrientSourceDescription": "Calculated or imputed",
            "rank": 8800,
            "indentLevel": 1,
            "foodNutrientId": 1889724,
            "dataPoints": 0
        },
        {
            "nutrientId": 1187,
            "nutrientName": "Folate, food",
            "nutrientNumber": "432",
            "unitName": "UG",
            "derivationCode": "FLC",
            "derivationDescription": "Estimated formulation based on ingredient list; Linear program used to estimate ingredients; Claim on label/serving",
            "derivationId": 40,
            "value": 2.0,
            "foodNutrientSourceId": 2,
            "foodNutrientSourceCode": "4",
            "foodNutrientSourceDescription": "Calculated or imputed",
            "rank": 7100,
            "indentLevel": 1,
            "foodNutrientId": 1889725,
            "dataPoints": 0
        },
        {
            "nutrientId": 1210,
            "nutrientName": "Tryptophan",
            "nutrientNumber": "501",
            "unitName": "G",
            "derivationCode": "FLC",
            "derivationDescription": "Estimated formulation based on ingredient list; Linear program used to estimate ingredients; Claim on label/serving",
            "derivationId": 40,
            "value": 0.008,
            "foodNutrientSourceId": 2,
            "foodNutrientSourceCode": "4",
            "foodNutrientSourceDescription": "Calculated or imputed",
            "rank": 16300,
            "indentLevel": 1,
            "foodNutrientId": 1889726,
            "dataPoints": 0
        },
        {
            "nutrientId": 1211,
            "nutrientName": "Threonine",
            "nutrientNumber": "502",
            "unitName": "G",
            "derivationCode": "FLC",
            "derivationDescription": "Estimated formulation based on ingredient list; Linear program used to estimate ingredients; Claim on label/serving",
            "derivationId": 40,
            "value": 0.025,
            "foodNutrientSourceId": 2,
            "foodNutrientSourceCode": "4",
            "foodNutrientSourceDescription": "Calculated or imputed",
            "rank": 16400,
            "indentLevel": 1,
            "foodNutrientId": 1889727,
            "dataPoints": 0
        },
        {
            "nutrientId": 1215,
            "nutrientName": "Methionine",
            "nutrientNumber": "506",
            "unitName": "G",
            "derivationCode": "FLC",
            "derivationDescription": "Estimated formulation based on ingredient list; Linear program used to estimate ingredients; Claim on label/serving",
            "derivationId": 40,
            "value": 0.012,
            "foodNutrientSourceId": 2,
            "foodNutrientSourceCode": "4",
            "foodNutrientSourceDescription": "Calculated or imputed",
            "rank": 16800,
            "indentLevel": 1,
            "foodNutrientId": 1889728,
            "dataPoints": 0
        },
        {
            "nutrientId": 1217,
            "nutrientName": "Phenylalanine",
            "nutrientNumber": "508",
            "unitName": "G",
            "derivationCode": "FLC",
            "derivationDescription": "Estimated formulation based on ingredient list; Linear program used to estimate ingredients; Claim on label/serving",
            "derivationId": 40,
            "value": 0.031,
            "foodNutrientSourceId": 2,
            "foodNutrientSourceCode": "4",
            "foodNutrientSourceDescription": "Calculated or imputed",
            "rank": 17000,
            "indentLevel": 1,
            "foodNutrientId": 1889729,
            "dataPoints": 0
        },
        {
            "nutrientId": 1218,
            "nutrientName": "Tyrosine",
            "nutrientNumber": "509",
            "unitName": "G",
            "derivationCode": "FLC",
            "derivationDescription": "Estimated formulation based on ingredient list; Linear program used to estimate ingredients; Claim on label/serving",
            "derivationId": 40,
            "value": 0.022,
            "foodNutrientSourceId": 2,
            "foodNutrientSourceCode": "4",
            "foodNutrientSourceDescription": "Calculated or imputed",
            "rank": 17100,
            "indentLevel": 1,
            "foodNutrientId": 1889730,
            "dataPoints": 0
        },
        {
            "nutrientId": 1222,
            "nutrientName": "Alanine",
            "nutrientNumber": "513",
            "unitName": "G",
            "derivationCode": "FLC",
            "derivationDescription": "Estimated formulation based on ingredient list; Linear program used to estimate ingredients; Claim on label/serving",
            "derivationId": 40,
            "value": 0.036,
            "foodNutrientSourceId": 2,
            "foodNutrientSourceCode": "4",
            "foodNutrientSourceDescription": "Calculated or imputed",
            "rank": 17500,
            "indentLevel": 1,
            "foodNutrientId": 1889731,
            "dataPoints": 0
        },
        {
            "nutrientId": 1224,
            "nutrientName": "Glutamic acid",
            "nutrientNumber": "515",
            "unitName": "G",
            "derivationCode": "FLC",
            "derivationDescription": "Estimated formulation based on ingredient list; Linear program used to estimate ingredients; Claim on label/serving",
            "derivationId": 40,
            "value": 0.102,
            "foodNutrientSourceId": 2,
            "foodNutrientSourceCode": "4",
            "foodNutrientSourceDescription": "Calculated or imputed",
            "rank": 17700,
            "indentLevel": 1,
            "foodNutrientId": 1889732,
            "dataPoints": 0
        },
        {
            "nutrientId": 1225,
            "nutrientName": "Glycine",
            "nutrientNumber": "516",
            "unitName": "G",
            "derivationCode": "FLC",
            "derivationDescription": "Estimated formulation based on ingredient list; Linear program used to estimate ingredients; Claim on label/serving",
            "derivationId": 40,
            "value": 0.024,
            "foodNutrientSourceId": 2,
            "foodNutrientSourceCode": "4",
            "foodNutrientSourceDescription": "Calculated or imputed",
            "rank": 17800,
            "indentLevel": 1,
            "foodNutrientId": 1889733,
            "dataPoints": 0
        },
        {
            "nutrientId": 1226,
            "nutrientName": "Proline",
            "nutrientNumber": "517",
            "unitName": "G",
            "derivationCode": "FLC",
            "derivationDescription": "Estimated formulation based on ingredient list; Linear program used to estimate ingredients; Claim on label/serving",
            "derivationId": 40,
            "value": 0.036,
            "foodNutrientSourceId": 2,
            "foodNutrientSourceCode": "4",
            "foodNutrientSourceDescription": "Calculated or imputed",
            "rank": 17900,
            "indentLevel": 1,
            "foodNutrientId": 1889734,
            "dataPoints": 0
        },
        {
            "nutrientId": 1246,
            "nutrientName": "Vitamin B-12, added",
            "nutrientNumber": "578",
            "unitName": "UG",
            "derivationCode": "FLC",
            "derivationDescription": "Estimated formulation based on ingredient list; Linear program used to estimate ingredients; Claim on label/serving",
            "derivationId": 40,
            "value": 0.0,
            "foodNutrientSourceId": 2,
            "foodNutrientSourceCode": "4",
            "foodNutrientSourceDescription": "Calculated or imputed",
            "rank": 7340,
            "indentLevel": 0,
            "foodNutrientId": 1889735,
            "dataPoints": 0
        },
        {
            "nutrientId": 1253,
            "nutrientName": "Cholesterol",
            "nutrientNumber": "601",
            "unitName": "MG",
            "derivationCode": "FLC",
            "derivationDescription": "Estimated formulation based on ingredient list; Linear program used to estimate ingredients; Claim on label/serving",
            "derivationId": 40,
            "value": 0.0,
            "foodNutrientSourceId": 2,
            "foodNutrientSourceCode": "4",
            "foodNutrientSourceDescription": "Calculated or imputed",
            "rank": 15700,
            "indentLevel": 1,
            "foodNutrientId": 1889736,
            "dataPoints": 0
        },
        {
            "nutrientId": 1258,
            "nutrientName": "Fatty acids, total saturated",
            "nutrientNumber": "606",
            "unitName": "G",
            "derivationCode": "FLC",
            "derivationDescription": "Estimated formulation based on ingredient list; Linear program used to estimate ingredients; Claim on label/serving",
            "derivationId": 40,
            "value": 3.31,
            "foodNutrientSourceId": 2,
            "foodNutrientSourceCode": "4",
            "foodNutrientSourceDescription": "Calculated or imputed",
            "rank": 9700,
            "indentLevel": 1,
            "foodNutrientId": 1889737,
            "dataPoints": 0
        },
        {
            "nutrientId": 1261,
            "nutrientName": "SFA 8:0",
            "nutrientNumber": "609",
            "unitName": "G",
            "derivationCode": "FLC",
            "derivationDescription": "Estimated formulation based on ingredient list; Linear program used to estimate ingredients; Claim on label/serving",
            "derivationId": 40,
            "value": 0.0,
            "foodNutrientSourceId": 2,
            "foodNutrientSourceCode": "4",
            "foodNutrientSourceDescription": "Calculated or imputed",
            "rank": 10000,
            "indentLevel": 2,
            "foodNutrientId": 1889738,
            "dataPoints": 0
        },
        {
            "nutrientId": 1263,
            "nutrientName": "SFA 12:0",
            "nutrientNumber": "611",
            "unitName": "G",
            "derivationCode": "FLC",
            "derivationDescription": "Estimated formulation based on ingredient list; Linear program used to estimate ingredients; Claim on label/serving",
            "derivationId": 40,
            "value": 0.008,
            "foodNutrientSourceId": 2,
            "foodNutrientSourceCode": "4",
            "foodNutrientSourceDescription": "Calculated or imputed",
            "rank": 10300,
            "indentLevel": 2,
            "foodNutrientId": 1889739,
            "dataPoints": 0
        },
        {
            "nutrientId": 1264,
            "nutrientName": "SFA 14:0",
            "nutrientNumber": "612",
            "unitName": "G",
            "derivationCode": "FLC",
            "derivationDescription": "Estimated formulation based on ingredient list; Linear program used to estimate ingredients; Claim on label/serving",
            "derivationId": 40,
            "value": 0.068,
            "foodNutrientSourceId": 2,
            "foodNutrientSourceCode": "4",
            "foodNutrientSourceDescription": "Calculated or imputed",
            "rank": 10500,
            "indentLevel": 2,
            "foodNutrientId": 1889740,
            "dataPoints": 0
        },
        {
            "nutrientId": 1272,
            "nutrientName": "PUFA 22:6 n-3 (DHA)",
            "nutrientNumber": "621",
            "unitName": "G",
            "derivationCode": "FLC",
            "derivationDescription": "Estimated formulation based on ingredient list; Linear program used to estimate ingredients; Claim on label/serving",
            "derivationId": 40,
            "value": 0.0,
            "foodNutrientSourceId": 2,
            "foodNutrientSourceCode": "4",
            "foodNutrientSourceDescription": "Calculated or imputed",
            "rank": 15300,
            "indentLevel": 2,
            "foodNutrientId": 1889741,
            "dataPoints": 0
        },
        {
            "nutrientId": 1275,
            "nutrientName": "MUFA 16:1",
            "nutrientNumber": "626",
            "unitName": "G",
            "derivationCode": "FLC",
            "derivationDescription": "Estimated formulation based on ingredient list; Linear program used to estimate ingredients; Claim on label/serving",
            "derivationId": 40,
            "value": 0.02,
            "foodNutrientSourceId": 2,
            "foodNutrientSourceCode": "4",
            "foodNutrientSourceDescription": "Calculated or imputed",
            "rank": 11700,
            "indentLevel": 2,
            "foodNutrientId": 1889742,
            "dataPoints": 0
        },
        {
            "nutrientId": 1278,
            "nutrientName": "PUFA 20:5 n-3 (EPA)",
            "nutrientNumber": "629",
            "unitName": "G",
            "derivationCode": "FLC",
            "derivationDescription": "Estimated formulation based on ingredient list; Linear program used to estimate ingredients; Claim on label/serving",
            "derivationId": 40,
            "value": 0.0,
            "foodNutrientSourceId": 2,
            "foodNutrientSourceCode": "4",
            "foodNutrientSourceDescription": "Calculated or imputed",
            "rank": 15000,
            "indentLevel": 2,
            "foodNutrientId": 1889743,
            "dataPoints": 0
        },
        {
            "nutrientId": 1280,
            "nutrientName": "PUFA 22:5 n-3 (DPA)",
            "nutrientNumber": "631",
            "unitName": "G",
            "derivationCode": "FLC",
            "derivationDescription": "Estimated formulation based on ingredient list; Linear program used to estimate ingredients; Claim on label/serving",
            "derivationId": 40,
            "value": 0.0,
            "foodNutrientSourceId": 2,
            "foodNutrientSourceCode": "4",
            "foodNutrientSourceDescription": "Calculated or imputed",
            "rank": 15200,
            "indentLevel": 2,
            "foodNutrientId": 1889744,
            "dataPoints": 0
        },
        {
            "nutrientId": 1283,
            "nutrientName": "Phytosterols",
            "nutrientNumber": "636",
            "unitName": "MG",
            "derivationCode": "FLC",
            "derivationDescription": "Estimated formulation based on ingredient list; Linear program used to estimate ingredients; Claim on label/serving",
            "derivationId": 40,
            "value": 0.0,
            "foodNutrientSourceId": 2,
            "foodNutrientSourceCode": "4",
            "foodNutrientSourceDescription": "Calculated or imputed",
            "rank": 15800,
            "indentLevel": 0,
            "foodNutrientId": 1889745,
            "dataPoints": 0
        },
        {
            "nutrientId": 1005,
            "nutrientName": "Carbohydrate, by difference",
            "nutrientNumber": "205",
            "unitName": "G",
            "derivationCode": "NC",
            "derivationDescription": "Calculated",
            "derivationId": 49,
            "value": 78.6,
            "foodNutrientSourceId": 2,
            "foodNutrientSourceCode": "4",
            "foodNutrientSourceDescription": "Calculated or imputed",
            "rank": 1110,
            "indentLevel": 2,
            "foodNutrientId": 1889746,
            "dataPoints": 0
        },
        {
            "nutrientId": 1087,
            "nutrientName": "Calcium, Ca",
            "nutrientNumber": "301",
            "unitName": "MG",
            "derivationCode": "LC",
            "derivationDescription": "Label claim (back calculated from label by NDL staff; Calculated from label claim/serving (g or %RDI)",
            "derivationId": 44,
            "value": 0.0,
            "foodNutrientSourceId": 6,
            "foodNutrientSourceCode": "8",
            "foodNutrientSourceDescription": "Calculated from nutrient label by NDL",
            "rank": 5300,
            "indentLevel": 1,
            "foodNutrientId": 1889747,
            "dataPoints": 0
        },
        {
            "nutrientId": 1003,
            "nutrientName": "Protein",
            "nutrientNumber": "203",
            "unitName": "G",
            "derivationCode": "LC",
            "derivationDescription": "Label claim (back calculated from label by NDL staff; Calculated from label claim/serving (g or %RDI)",
            "derivationId": 44,
            "value": 3.52,
            "foodNutrientSourceId": 6,
            "foodNutrientSourceCode": "8",
            "foodNutrientSourceDescription": "Calculated from nutrient label by NDL",
            "rank": 600,
            "indentLevel": 1,
            "foodNutrientId": 1889748,
            "dataPoints": 0
        }
    ],
    "finalFoodInputFoods": [],
    "foodMeasures": [],
    "foodAttributes": [],
    "foodAttributeTypes": [],
    "foodVersionIds": []
}