{
    "fdcId": 2671891,
    "description": "CORNSTARCH",
    "dataType": "Branded",
    "gtinUpc": "039978015839",
    "publishedDate": "2023-11-16",
    "brandOwner": "Bob's Red Mill Natural Foods, Inc.",
    "brandName": "BOB'S RED MILL",
    "ingredients": "CORNSTARCH.",
    "marketCountry": "United States",
    "foodCategory": "Flours & Corn Meal",
    "modifiedDate": "2018-01-19",
    "dataSource": "LI",
    "packageWeight": "18 oz/510 g",
    "servingSizeUnit": "GRM",
    "servingSize": 8.0,
    "householdServingFullText": "1 Tbsp",
    "shortDescription": "",
    "tradeChannels": [
        "NO_TRADE_CHANNEL"
    ],
    "allHighlightFields": "<b>Ingredients</b>: <em>CORNSTARCH</em>.",
    "score": 396.28427,
    "microbes": [],
    "foodNutrients": [
        {
            "nutrientId": 1003,
            "nutrientName": "Protein",
            "nutrientNumber": "203",
            "unitName": "G",
            "derivationCode": "LCCS",
            "derivationDescription": "Calculated from value per serving size measure",
            "derivationId": 70,
            "value": 0.0,
            "foodNutrientSourceId": 9,
            "foodNutrientSourceCode": "12",
            "foodNutrientSourceDescription": "Manufacturer's analytical; partial documentation",
            "rank": 600,
            "indentLevel": 1,
            "foodNutrientId": 33557900
        },
        {
            "nutrientId": 1004,
            "nutrientName": "Total lipid (fat)",
            "nutrientNumber": "204",
            "unitName": "G",
            "derivationCode": "LCCS",
            "derivationDescription": "Calculated from value per serving size measure",
            "derivationId": 70,
            "value": 0.0,
            "foodNutrientSourceId": 9,
            "foodNutrientSourceCode": "12",
            "foodNutrientSourceDescription": "Manufacturer's analytical; partial documentation",
            "rank": 800,
            "indentLevel": 1,
            "foodNutrientId": 33557901,
            "percentDailyValue": 0
        },
        {
            "nutrientId": 1005,
            "nutrientName": "Carbohydrate, by difference",
            "nutrientNumber": "205",
            "unitName": "G",
            "derivationCode": "LCCS",
            "derivationDescription": "Calculated from value per serving size measure",
            "derivationId": 70,
            "value": 87.5,
            "foodNutrientSourceId": 9,
            "foodNutrientSourceCode": "12",
            "foodNutrientSourceDescription": "Manufacturer's analytical; partial documentation",
            "rank": 1110,
            "indentLevel": 2,
            "foodNutrientId": 33557902,
            "percentDailyValue": 3
        },
        {
            "nutrientId": 1008,
            "nutrientName": "Energy",
            "nutrientNumber": "208",
            "unitName": "KCAL",
            "derivationCode": "LCCS",
            "derivationDescription": "Calculated from value per serving size measure",
            "derivationId": 70,
            "value": 375,
            "foodNutrientSourceId": 9,
            "foodNutrientSourceCode": "12",
            "foodNutrientSourceDescription": "Manufacturer's analytical; partial documentation",
            "rank": 300,
            "indentLevel": 1,
            "foodNutrientId": 33557903
        },
        {
            "nutrientId": 2000,
            "nutrientName": "Total Sugars",
            "nutrientNumber": "269",
            "unitName": "G",
            "derivationCode": "LCCS",
            "derivationDescription": "Calculated from value per serving size measure",
            "derivationId": 70,
            "value": 0.0,
            "foodNutrientSourceId": 9,
            "foodNutrientSourceCode": "12",
            "foodNutrientSourceDescription": "Manufacturer's analytical; partial documentation",
            "rank": 1510,
            "indentLevel": 3,
            "foodNutrientId": 33557904
        },
        {
            "nutrientId": 1079,
            "nutrientName": "Fiber, total dietary",
            "nutrientNumber": "291",
            "unitName": "G",
            "derivationCode": "LCCS",
            "derivationDescription": "Calculated from value per serving size measure",
            "derivationId": 70,
            "value": 0.0,
            "foodNutrientSourceId": 9,
            "foodNutrientSourceCode": "12",
            "foodNutrientSourceDescription": "Manufacturer's analytical; partial documentation",
            "rank": 1200,
            "indentLevel": 3,
            "foodNutrientId": 33557905,
            "percentDailyValue": 0
        },
        {
            "nutrientId": 1087,
            "nutrientName": "Calcium, Ca",
            "nutrientNumber": "301",
            "unitName": "MG",
            "derivationCode": "LCCS",
            "derivationDescription": "Calculated from value per serving size measure",
            "derivationId": 70,
            "value": 12.0,
            "foodNutrientSourceId": 9,
            "foodNutrientSourceCode": "12",
            "foodNutrientSourceDescription": "Manufacturer's analytical; partial documentation",
            "rank": 5300,
            "indentLevel": 1,
            "foodNutrientId": 33557906,
            "percentDailyValue": 0
        },
        {
            "nutrientId": 1089,
            "nutrientName": "Iron, Fe",
            "nutrientNumber": "303",
            "unitName": "MG",
            "derivationCode": "LCCS",
            "derivationDescription": "Calculated from value per serving size measure",
            "derivationId": 70,
            "value": 0.0,
            "foodNutrientSourceId": 9,
            "foodNutrientSourceCode": "12",
            "foodNutrientSourceDescription": "Manufacturer's analytical; partial documentation",
            "rank": 5400,
            "indentLevel": 1,
            "foodNutrientId": 33557907,
            "percentDailyValue": 0
        },
        {
            "nutrientId": 1092,
            "nutrientName": "Potassium, K",
            "nutrientNumber": "306",
            "unitName": "MG",
            "derivationCode": "LCCS",
            "derivationDescription": "Calculated from value per serving size measure",
            "derivationId": 70,
            "value": 0.0,
            "foodNutrientSourceId": 9,
            "foodNutrientSourceCode": "12",
            "foodNutrientSourceDescription": "Manufacturer's analytical; partial documentation",
            "rank": 5700,
            "indentLevel": 1,
            "foodNutrientId": 33557908,
            "percentDailyValue": 0
        },
        {
            "nutrientId": 1093,
            "nutrientName": "Sodium, Na",
            "nutrientNumber": "307",
            "unitName": "MG",
            "derivationCode": "LCCS",
            "derivationDescription": "Calculated from value per serving size measure",
            "derivationId": 70,
            "value": 0.0,
            "foodNutrientSourceId": 9,
            "foodNutrientSourceCode": "12",
            "foodNutrientSourceDescription": "Manufacturer's analytical; partial documentation",
            "rank": 5800,
            "indentLevel": 1,
            "foodNutrientId": 33557909,
            "percentDailyValue": 0
        },
        {
            "nutrientId": 1114,
            "nutrientName": "Vitamin D (D2 + D3)",
            "nutrientNumber": "328",
            "unitName": "UG",
            "derivationCode": "LCCS",
            "derivationDescription": "Calculated from value per serving size measure",
            "derivationId": 70,
            "value": 0.0,
            "foodNutrientSourceId": 9,
            "foodNutrientSourceCode": "12",
            "foodNutrientSourceDescription": "Manufacturer's analytical; partial documentation",
            "rank": 8700,
            "indentLevel": 1,
            "foodNutrientId": 33557910,
            "percentDailyValue": 0
        },
        {
            "nutrientId": 1235,
            "nutrientName": "Sugars, added",
            "nutrientNumber": "539",
            "unitName": "G",
            "derivationCode": "LCCS",
            "derivationDescription": "Calculated from value per serving size measure",
            "derivationId": 70,
            "value": 0.0,
            "foodNutrientSourceId": 9,
            "foodNutrientSourceCode": "12",
            "foodNutrientSourceDescription": "Manufacturer's analytical; partial documentation",
            "rank": 1540,
            "indentLevel": 0,
            "foodNutrientId": 33557911,
            "percentDailyValue": 0
        },
        {
            "nutrientId": 1253,
            "nutrientName": "Cholesterol",
            "nutrientNumber": "601",
            "unitName": "MG",
            "derivationCode": "LCCS",
            "derivationDescription": "Calculated from value per serving size measure",
            "derivationId": 70,
            "value": 0.0,
            "foodNutrientSourceId": 9,
            "foodNutrientSourceCode": "12",
            "foodNutrientSourceDescription": "Manufacturer's analytical; partial documentation",
            "rank": 15700,
            "indentLevel": 1,
            "foodNutrientId": 33557912,
            "percentDailyValue": 0
        },
        {
            "nutrientId": 1257,
            "nutrientName": "Fatty acids, total trans",
            "nutrientNumber": "605",
            "unitName": "G",
            "derivationCode": "LCCS",
            "derivationDescription": "Calculated from value per serving size measure",
            "derivationId": 70,
            "value": 0.0,
            "foodNutrientSourceId": 9,
            "foodNutrientSourceCode": "12",
            "foodNutrientSourceDescription": "Manufacturer's analytical; partial documentation",
            "rank": 15400,
            "indentLevel": 1,
            "foodNutrientId": 33557913
        },
        {
            "nutrientId": 1258,
            "nutrientName": "Fatty acids, total saturated",
            "nutrientNumber": "606",
            "unitName": "G",
            "derivationCode": "LCCS",
            "derivationDescription": "Calculated from value per serving size measure",
            "derivationId": 70,
            "value": 0.0,
            "foodNutrientSourceId": 9,
            "foodNutrientSourceCode": "12",
            "foodNutrientSourceDescription": "Manufacturer's analytical; partial documentation",
            "rank": 9700,
            "indentLevel": 1,
            "foodNutrientId": 33557914,
            "percentDailyValue": 0
        }
    ],
    "finalFoodInputFoods": [],
    "foodMeasures": [],
    "foodAttributes": [],
    "foodAttributeTypes": [],
    "foodVersionIds": []
}