{
    "fdcId": 169698,
    "description": "Cornstarch",
    "commonNames": "",
    "additionalDescriptions": "",
    "dataType": "SR Legacy",
    "ndbNumber": 20027,
    "publishedDate": "2019-04-01",
    "foodCategory": "Cereal Grains and Pasta",
    "allHighlightFields": "",
    "score": 814.59656,
    "microbes": [],
    "foodNutrients": [
        {
            "nutrientId": 1186,
            "nutrientName": "Folic acid",
            "nutrientNumber": "431",
            "unitName": "UG",
            "derivationCode": "Z",
            "derivationDescription": "Assumed zero (Insignificant amount or not naturally occurring in a food, such as fiber in meat)",
            "derivationId": 68,
            "value": 0.0,
            "foodNutrientSourceId": 5,
            "foodNutrientSourceCode": "7",
            "foodNutrientSourceDescription": "Assumed zero",
            "rank": 7000,
            "indentLevel": 0,
            "foodNutrientId": 1462277,
            "dataPoints": 0
        },
        {
            "nutrientId": 1261,
            "nutrientName": "SFA 8:0",
            "nutrientNumber": "609",
            "unitName": "G",
            "value": 0.0,
            "rank": 10000,
            "indentLevel": 2,
            "foodNutrientId": 1462278,
            "dataPoints": 0
        },
        {
            "nutrientId": 1263,
            "nutrientName": "SFA 12:0",
            "nutrientNumber": "611",
            "unitName": "G",
            "value": 0.0,
            "rank": 10300,
            "indentLevel": 2,
            "foodNutrientId": 1462279,
            "dataPoints": 0
        },
        {
            "nutrientId": 1264,
            "nutrientName": "SFA 14:0",
            "nutrientNumber": "612",
            "unitName": "G",
            "value": 0.0,
            "rank": 10500,
            "indentLevel": 2,
            "foodNutrientId": 1462280,
            "dataPoints": 0
        },
        {
            "nutrientId": 1272,
            "nutrientName": "PUFA 22:6 n-3 (DHA)",
            "nutrientNumber": "621",
            "unitName": "G",
            "value": 0.0,
            "rank": 15300,
            "indentLevel": 2,
            "foodNutrientId": 1462281,
            "dataPoints": 0
        },
        {
            "nutrientId": 1275,
            "nutrientName": "MUFA 16:1",
            "nutrientNumber": "626",
            "unitName": "G",
            "value": 0.0,
            "rank": 11700,
            "indentLevel": 2,
            "foodNutrientId": 1462282,
            "dataPoints": 0
        },
        {
            "nutrientId": 1278,
            "nutrientName": "PUFA 20:5 n-3 (EPA)",
            "nutrientNumber": "629",
            "unitName": "G",
            "value": 0.0,
            "rank": 15000,
            "indentLevel": 2,
            "foodNutrientId": 1462283,
            "dataPoints": 0
        },
        {
            "nutrientId": 1280,
            "nutrientName": "PUFA 22:5 n-3 (DPA)",
            "nutrientNumber": "631",
            "unitName": "G",
            "value": 0.0,
            "rank": 15200,
            "indentLevel": 2,
            "foodNutrientId": 1462284,
            "dataPoints": 0
        },
        {
            "nutrientId": 1259,
            "nutrientName": "SFA 4:0",
            "nutrientNumber": "607",
            "unitName": "G",
            "value": 0.0,
            "rank": 9800,
            "indentLevel": 2,
            "foodNutrientId": 1462285,
            "dataPoints": 0
        },
        {
            "nutrientId": 1260,
            "nutrientName": "SFA 6:0",
            "nutrientNumber": "608",
            "unitName": "G",
            "value": 0.0,
            "rank": 9900,
            "indentLevel": 2,
            "foodNutrientId": 1462286,
            "dataPoints": 0
        },
        {
            "nutrientId": 1262,
            "nutrientName": "SFA 10:0",
            "nutrientNumber": "610",
            "unitName": "G",
            "value": 0.0,
            "rank": 10100,
            "indentLevel": 2,
            "foodNutrientId": 1462287,
            "dataPoints": 0
        },
        {
            "nutrientId": 1271,
            "nutrientName": "PUFA 20:4",
            "nutrientNumber": "620",
            "unitName": "G",
            "value": 0.0,
            "rank": 14700,
            "indentLevel": 2,
            "foodNutrientId": 1462288,
            "dataPoints": 0
        },
        {
            "nutrientId": 1276,
            "nutrientName": "PUFA 18:4",
            "nutrientNumber": "627",
            "unitName": "G",
            "value": 0.0,
            "rank": 14250,
            "indentLevel": 2,
            "foodNutrientId": 1462289,
            "dataPoints": 0
        },
        {
            "nutrientId": 1277,
            "nutrientName": "MUFA 20:1",
            "nutrientNumber": "628",
            "unitName": "G",
            "value": 0.0,
            "rank": 12400,
            "indentLevel": 2,
            "foodNutrientId": 1462290,
            "dataPoints": 0
        },
        {
            "nutrientId": 1279,
            "nutrientName": "MUFA 22:1",
            "nutrientNumber": "630",
            "unitName": "G",
            "value": 0.0,
            "rank": 12500,
            "indentLevel": 2,
            "foodNutrientId": 1462291,
            "dataPoints": 0
        },
        {
            "nutrientId": 1187,
            "nutrientName": "Folate, food",
            "nutrientNumber": "432",
            "unitName": "UG",
            "value": 0.0,
            "rank": 7100,
            "indentLevel": 1,
            "foodNutrientId": 1462292,
            "dataPoints": 1
        },
        {
            "nutrientId": 1106,
            "nutrientName": "Vitamin A, RAE",
            "nutrientNumber": "320",
            "unitName": "UG",
            "value": 0.0,
            "rank": 7420,
            "indentLevel": 1,
            "foodNutrientId": 1462293,
            "dataPoints": 0
        },
        {
            "nutrientId": 1062,
            "nutrientName": "Energy",
            "nutrientNumber": "268",
            "unitName": "kJ",
            "value": 1590.0,
            "rank": 400,
            "indentLevel": 1,
            "foodNutrientId": 1462294,
            "dataPoints": 0
        },
        {
            "nutrientId": 1190,
            "nutrientName": "Folate, DFE",
            "nutrientNumber": "435",
            "unitName": "UG",
            "derivationCode": "NC",
            "derivationDescription": "Calculated",
            "derivationId": 49,
            "value": 0.0,
            "foodNutrientSourceId": 2,
            "foodNutrientSourceCode": "4",
            "foodNutrientSourceDescription": "Calculated or imputed",
            "rank": 7200,
            "indentLevel": 1,
            "foodNutrientId": 1462295,
            "dataPoints": 0
        },
        {
            "nutrientId": 1180,
            "nutrientName": "Choline, total",
            "nutrientNumber": "421",
            "unitName": "MG",
            "derivationCode": "BFPN",
            "derivationDescription": "Based on another form of the food or similar food; Concentration adjustment; Protein; Retention factors not used",
            "derivationId": 14,
            "value": 0.4,
            "foodNutrientSourceId": 2,
            "foodNutrientSourceCode": "4",
            "foodNutrientSourceDescription": "Calculated or imputed",
            "rank": 7220,
            "indentLevel": 1,
            "foodNutrientId": 1462296,
            "dataPoints": 0
        },
        {
            "nutrientId": 1110,
            "nutrientName": "Vitamin D (D2 + D3), International Units",
            "nutrientNumber": "324",
            "unitName": "IU",
            "derivationCode": "Z",
            "derivationDescription": "Assumed zero (Insignificant amount or not naturally occurring in a food, such as fiber in meat)",
            "derivationId": 68,
            "value": 0.0,
            "foodNutrientSourceId": 5,
            "foodNutrientSourceCode": "7",
            "foodNutrientSourceDescription": "Assumed zero",
            "rank": 8650,
            "indentLevel": 1,
            "foodNutrientId": 1462297,
            "dataPoints": 0
        },
        {
            "nutrientId": 1018,
            "nutrientName": "Alcohol, ethyl",
            "nutrientNumber": "221",
            "unitName": "G",
            "value": 0.0,
            "rank": 18200,
            "indentLevel": 1,
            "foodNutrientId": 1462298,
            "dataPoints": 0
        },
        {
            "nutrientId": 1105,
            "nutrientName": "Retinol",
            "nutrientNumber": "319",
            "unitName": "UG",
            "derivationCode": "Z",
            "derivationDescription": "Assumed zero (Insignificant amount or not naturally occurring in a food, such as fiber in meat)",
            "derivationId": 68,
            "value": 0.0,
            "foodNutrientSourceId": 5,
            "foodNutrientSourceCode": "7",
            "foodNutrientSourceDescription": "Assumed zero",
            "rank": 7430,
            "indentLevel": 2,
            "foodNutrientId": 1462299,
            "dataPoints": 0
        },
        {
            "nutrientId": 1120,
            "nutrientName": "Cryptoxanthin, beta",
            "nutrientNumber": "334",
            "unitName": "UG",
            "derivationCode": "Z",
            "derivationDescription": "Assumed zero (Insignificant amount or not naturally occurring in a food, such as fiber in meat)",
            "derivationId": 68,
            "value": 0.0,
            "foodNutrientSourceId": 5,
            "foodNutrientSourceCode": "7",
            "foodNutrientSourceDescription": "Assumed zero",
            "rank": 7460,
            "indentLevel": 2,
            "foodNutrientId": 1462300,
            "dataPoints": 0
        },
        {
            "nutrientId": 1107,
            "nutrientName": "Carotene, beta",
            "nutrientNumber": "321",
            "unitName": "UG",
            "derivationCode": "Z",
            "derivationDescription": "Assumed zero (Insignificant amount or not naturally occurring in a food, such as fiber in meat)",
            "derivationId": 68,
            "value": 0.0,
            "foodNutrientSourceId": 5,
            "foodNutrientSourceCode": "7",
            "foodNutrientSourceDescription": "Assumed zero",
            "rank": 7440,
            "indentLevel": 2,
            "foodNutrientId": 1462301,
            "dataPoints": 0
        },
        {
            "nutrientId": 1108,
            "nutrientName": "Carotene, alpha",
            "nutrientNumber": "322",
            "unitName": "UG",
            "derivationCode": "Z",
            "derivationDescription": "Assumed zero (Insignificant amount or not naturally occurring in a food, such as fiber in meat)",
            "derivationId": 68,
            "value": 0.0,
            "foodNutrientSourceId": 5,
            "foodNutrientSourceCode": "7",
            "foodNutrientSourceDescription": "Assumed zero",
            "rank": 7450,
            "indentLevel": 2,
            "foodNutrientId": 1462302,
            "dataPoints": 0
        },
        {
            "nutrientId": 1185,
            "nutrientName": "Vitamin K (phylloquinone)",
            "nutrientNumber": "430",
            "unitName": "UG",
            "derivationCode": "Z",
            "derivationDescription": "Assumed zero (Insignificant amount or not naturally occurring in a food, such as fiber in meat)",
            "derivationId": 68,
            "value": 0.0,
            "foodNutrientSourceId": 5,
            "foodNutrientSourceCode": "7",
            "foodNutrientSourceDescription": "Assumed zero",
            "rank": 8800,
            "indentLevel": 1,
            "foodNutrientId": 1462303,
            "dataPoints": 0
        },
        {
            "nutrientId": 1122,
            "nutrientName": "Lycopene",
            "nutrientNumber": "337",
            "unitName": "UG",
            "derivationCode": "Z",
            "derivationDescription": "Assumed zero (Insignificant amount or not naturally occurring in a food, such as fiber in meat)",
            "derivationId": 68,
            "value": 0.0,
            "foodNutrientSourceId": 5,
            "foodNutrientSourceCode": "7",
            "foodNutrientSourceDescription": "Assumed zero",
            "rank": 7530,
            "indentLevel": 1,
            "foodNutrientId": 1462304,
            "dataPoints": 0
        },
        {
            "nutrientId": 1127,
            "nutrientName": "Tocopherol, delta",
            "nutrientNumber": "343",
            "unitName": "MG",
            "derivationCode": "A",
            "derivationDescription": "Analytical",
            "derivationId": 1,
            "value": 0.0,
            "foodNutrientSourceId": 1,
            "foodNutrientSourceCode": "1",
            "foodNutrientSourceDescription": "Analytical or derived from analytical",
            "rank": 8200,
            "indentLevel": 2,
            "foodNutrientId": 1462305,
            "dataPoints": 1
        },
        {
            "nutrientId": 1130,
            "nutrientName": "Tocotrienol, gamma",
            "nutrientNumber": "346",
            "unitName": "MG",
            "derivationCode": "A",
            "derivationDescription": "Analytical",
            "derivationId": 1,
            "value": 0.0,
            "foodNutrientSourceId": 1,
            "foodNutrientSourceCode": "1",
            "foodNutrientSourceDescription": "Analytical or derived from analytical",
            "rank": 8500,
            "indentLevel": 2,
            "foodNutrientId": 1462306,
            "dataPoints": 1
        },
        {
            "nutrientId": 1131,
            "nutrientName": "Tocotrienol, delta",
            "nutrientNumber": "347",
            "unitName": "MG",
            "derivationCode": "A",
            "derivationDescription": "Analytical",
            "derivationId": 1,
            "value": 0.0,
            "foodNutrientSourceId": 1,
            "foodNutrientSourceCode": "1",
            "foodNutrientSourceDescription": "Analytical or derived from analytical",
            "rank": 8600,
            "indentLevel": 2,
            "foodNutrientId": 1462307,
            "dataPoints": 1
        },
        {
            "nutrientId": 1057,
            "nutrientName": "Caffeine",
            "nutrientNumber": "262",
            "unitName": "MG",
            "derivationCode": "Z",
            "derivationDescription": "Assumed zero (Insignificant amount or not naturally occurring in a food, such as fiber in meat)",
            "derivationId": 68,
            "value": 0.0,
            "foodNutrientSourceId": 5,
            "foodNutrientSourceCode": "7",
            "foodNutrientSourceDescription": "Assumed zero",
            "rank": 18300,
            "indentLevel": 0,
            "foodNutrientId": 1462308,
            "dataPoints": 0
        },
        {
            "nutrientId": 1058,
            "nutrientName": "Theobromine",
            "nutrientNumber": "263",
            "unitName": "MG",
            "derivationCode": "Z",
            "derivationDescription": "Assumed zero (Insignificant amount or not naturally occurring in a food, such as fiber in meat)",
            "derivationId": 68,
            "value": 0.0,
            "foodNutrientSourceId": 5,
            "foodNutrientSourceCode": "7",
            "foodNutrientSourceDescription": "Assumed zero",
            "rank": 18400,
            "indentLevel": 0,
            "foodNutrientId": 1462309,
            "dataPoints": 0
        },
        {
            "nutrientId": 2000,
            "nutrientName": "Total Sugars",
            "nutrientNumber": "269",
            "unitName": "G",
            "value": 0.0,
            "rank": 1510,
            "indentLevel": 3,
            "foodNutrientId": 1462310,
            "dataPoints": 1
        },
        {
            "nutrientId": 1123,
            "nutrientName": "Lutein + zeaxanthin",
            "nutrientNumber": "338",
            "unitName": "UG",
            "derivationCode": "Z",
            "derivationDescription": "Assumed zero (Insignificant amount or not naturally occurring in a food, such as fiber in meat)",
            "derivationId": 68,
            "value": 0.0,
            "foodNutrientSourceId": 5,
            "foodNutrientSourceCode": "7",
            "foodNutrientSourceDescription": "Assumed zero",
            "rank": 7560,
            "indentLevel": 1,
            "foodNutrientId": 1462311,
            "dataPoints": 0
        },
        {
            "nutrientId": 1125,
            "nutrientName": "Tocopherol, beta",
            "nutrientNumber": "341",
            "unitName": "MG",
            "derivationCode": "A",
            "derivationDescription": "Analytical",
            "derivationId": 1,
            "value": 0.0,
            "foodNutrientSourceId": 1,
            "foodNutrientSourceCode": "1",
            "foodNutrientSourceDescription": "Analytical or derived from analytical",
            "rank": 8000,
            "indentLevel": 2,
            "foodNutrientId": 1462312,
            "dataPoints": 1
        },
        {
            "nutrientId": 1126,
            "nutrientName": "Tocopherol, gamma",
            "nutrientNumber": "342",
            "unitName": "MG",
            "derivationCode": "A",
            "derivationDescription": "Analytical",
            "derivationId": 1,
            "value": 0.0,
            "foodNutrientSourceId": 1,
            "foodNutrientSourceCode": "1",
            "foodNutrientSourceDescription": "Analytical or derived from analytical",
            "rank": 8100,
            "indentLevel": 2,
            "foodNutrientId": 1462313,
            "dataPoints": 1
        },
        {
            "nutrientId": 1128,
            "nutrientName": "Tocotrienol, alpha",
            "nutrientNumber": "344",
            "unitName": "MG",
            "derivationCode": "A",
            "derivationDescription": "Analytical",
            "derivationId": 1,
            "value": 0.0,
            "foodNutrientSourceId": 1,
            "foodNutrientSourceCode": "1",
            "foodNutrientSourceDescription": "Analytical or derived from analytical",
            "rank": 8300,
            "indentLevel": 2,
            "foodNutrientId": 1462314,
            "dataPoints": 1
        },
        {
            "nutrientId": 1129,
            "nutrientName": "Tocotrienol, beta",
            "nutrientNumber": "345",
            "unitName": "MG",
            "derivationCode": "A",
            "derivationDescription": "Analytical",
            "derivationId": 1,
            "value": 0.0,
            "foodNutrientSourceId": 1,
            "foodNutrientSourceCode": "1",
            "foodNutrientSourceDescription": "Analytical or derived from analytical",
            "rank": 8400,
            "indentLevel": 2,
            "foodNutrientId": 1462315,
            "dataPoints": 1
        },
        {
            "nutrientId": 1109,
            "nutrientName": "Vitamin E (alpha-tocopherol)",
            "nutrientNumber": "323",
            "unitName": "MG",
            "derivationCode": "A",
            "derivationDescription": "Analytical",
            "derivationId": 1,
            "value": 0.0,
            "foodNutrientSourceId": 1,
            "foodNutrientSourceCode": "1",
            "foodNutrientSourceDescription": "Analytical or derived from analytical",
            "rank": 7905,
            "indentLevel": 1,
            "foodNutrientId": 1462316,
            "dataPoints": 1
        },
        {
            "nutrientId": 1242,
            "nutrientName": "Vitamin E, added",
            "nutrientNumber": "573",
            "unitName": "MG",
            "derivationCode": "Z",
            "derivationDescription": "Assumed zero (Insignificant amount or not naturally occurring in a food, such as fiber in meat)",
            "derivationId": 68,
            "value": 0.0,
            "foodNutrientSourceId": 5,
            "foodNutrientSourceCode": "7",
            "foodNutrientSourceDescription": "Assumed zero",
            "rank": 7920,
            "indentLevel": 0,
            "foodNutrientId": 1462317,
            "dataPoints": 0
        },
        {
            "nutrientId": 1246,
            "nutrientName": "Vitamin B-12, added",
            "nutrientNumber": "578",
            "unitName": "UG",
            "derivationCode": "Z",
            "derivationDescription": "Assumed zero (Insignificant amount or not naturally occurring in a food, such as fiber in meat)",
            "derivationId": 68,
            "value": 0.0,
            "foodNutrientSourceId": 5,
            "foodNutrientSourceCode": "7",
            "foodNutrientSourceDescription": "Assumed zero",
            "rank": 7340,
            "indentLevel": 0,
            "foodNutrientId": 1462318,
            "dataPoints": 0
        },
        {
            "nutrientId": 1004,
            "nutrientName": "Total lipid (fat)",
            "nutrientNumber": "204",
            "unitName": "G",
            "value": 0.05,
            "rank": 800,
            "indentLevel": 1,
            "foodNutrientId": 1462319,
            "dataPoints": 3
        },
        {
            "nutrientId": 1005,
            "nutrientName": "Carbohydrate, by difference",
            "nutrientNumber": "205",
            "unitName": "G",
            "derivationCode": "NC",
            "derivationDescription": "Calculated",
            "derivationId": 49,
            "value": 91.3,
            "foodNutrientSourceId": 2,
            "foodNutrientSourceCode": "4",
            "foodNutrientSourceDescription": "Calculated or imputed",
            "rank": 1110,
            "indentLevel": 2,
            "foodNutrientId": 1462320,
            "dataPoints": 0
        },
        {
            "nutrientId": 1008,
            "nutrientName": "Energy",
            "nutrientNumber": "208",
            "unitName": "KCAL",
            "derivationCode": "NC",
            "derivationDescription": "Calculated",
            "derivationId": 49,
            "value": 381,
            "foodNutrientSourceId": 2,
            "foodNutrientSourceCode": "4",
            "foodNutrientSourceDescription": "Calculated or imputed",
            "rank": 300,
            "indentLevel": 1,
            "foodNutrientId": 1462321,
            "dataPoints": 0
        },
        {
            "nutrientId": 1051,
            "nutrientName": "Water",
            "nutrientNumber": "255",
            "unitName": "G",
            "value": 8.32,
            "rank": 100,
            "indentLevel": 1,
            "foodNutrientId": 1462322,
            "dataPoints": 5
        },
        {
            "nutrientId": 1087,
            "nutrientName": "Calcium, Ca",
            "nutrientNumber": "301",
            "unitName": "MG",
            "value": 2.0,
            "rank": 5300,
            "indentLevel": 1,
            "foodNutrientId": 1462323,
            "dataPoints": 7
        },
        {
            "nutrientId": 1092,
            "nutrientName": "Potassium, K",
            "nutrientNumber": "306",
            "unitName": "MG",
            "value": 3.0,
            "rank": 5700,
            "indentLevel": 1,
            "foodNutrientId": 1462324,
            "dataPoints": 7
        },
        {
            "nutrientId": 1095,
            "nutrientName": "Zinc, Zn",
            "nutrientNumber": "309",
            "unitName": "MG",
            "value": 0.06,
            "rank": 5900,
            "indentLevel": 1,
            "foodNutrientId": 1462325,
            "dataPoints": 6
        },
        {
            "nutrientId": 1167,
            "nutrientName": "Niacin",
            "nutrientNumber": "406",
            "unitName": "MG",
            "value": 0.0,
            "rank": 6600,
            "indentLevel": 1,
            "foodNutrientId": 1462326,
            "dataPoints": 1
        },
        {
            "nutrientId": 1170,
            "nutrientName": "Pantothenic acid",
            "nutrientNumber": "410",
            "unitName": "MG",
            "value": 0.0,
            "rank": 6700,
            "indentLevel": 1,
            "foodNutrientId": 1462327,
            "dataPoints": 1
        },
        {
            "nutrientId": 1175,
            "nutrientName": "Vitamin B-6",
            "nutrientNumber": "415",
            "unitName": "MG",
            "value": 0.0,
            "rank": 6800,
            "indentLevel": 1,
            "foodNutrientId": 1462328,
            "dataPoints": 1
        },
        {
            "nutrientId": 1212,
            "nutrientName": "Isoleucine",
            "nutrientNumber": "503",
            "unitName": "G",
            "value": 0.01,
            "rank": 16500,
            "indentLevel": 1,
            "foodNutrientId": 1462329,
            "dataPoints": 11
        },
        {
            "nutrientId": 1213,
            "nutrientName": "Leucine",
            "nutrientNumber": "504",
            "unitName": "G",
            "value": 0.036,
            "rank": 16600,
            "indentLevel": 1,
            "foodNutrientId": 1462330,
            "dataPoints": 11
        },
        {
            "nutrientId": 1214,
            "nutrientName": "Lysine",
            "nutrientNumber": "505",
            "unitName": "G",
            "value": 0.006,
            "rank": 16700,
            "indentLevel": 1,
            "foodNutrientId": 1462331,
            "dataPoints": 68
        },
        {
            "nutrientId": 1216,
            "nutrientName": "Cystine",
            "nutrientNumber": "507",
            "unitName": "G",
            "value": 0.006,
            "rank": 16900,
            "indentLevel": 1,
            "foodNutrientId": 1462332,
            "dataPoints": 10
        },
        {
            "nutrientId": 1219,
            "nutrientName": "Valine",
            "nutrientNumber": "510",
            "unitName": "G",
            "value": 0.014,
            "rank": 17200,
            "indentLevel": 1,
            "foodNutrientId": 1462333,
            "dataPoints": 10
        },
        {
            "nutrientId": 1220,
            "nutrientName": "Arginine",
            "nutrientNumber": "511",
            "unitName": "G",
            "value": 0.012,
            "rank": 17300,
            "indentLevel": 1,
            "foodNutrientId": 1462334,
            "dataPoints": 11
        },
        {
            "nutrientId": 1221,
            "nutrientName": "Histidine",
            "nutrientNumber": "512",
            "unitName": "G",
            "value": 0.008,
            "rank": 17400,
            "indentLevel": 1,
            "foodNutrientId": 1462335,
            "dataPoints": 11
        },
        {
            "nutrientId": 1223,
            "nutrientName": "Aspartic acid",
            "nutrientNumber": "514",
            "unitName": "G",
            "value": 0.02,
            "rank": 17600,
            "indentLevel": 1,
            "foodNutrientId": 1462336,
            "dataPoints": 11
        },
        {
            "nutrientId": 1227,
            "nutrientName": "Serine",
            "nutrientNumber": "518",
            "unitName": "G",
            "value": 0.012,
            "rank": 18000,
            "indentLevel": 1,
            "foodNutrientId": 1462337,
            "dataPoints": 11
        },
        {
            "nutrientId": 1265,
            "nutrientName": "SFA 16:0",
            "nutrientNumber": "613",
            "unitName": "G",
            "value": 0.009,
            "rank": 10700,
            "indentLevel": 2,
            "foodNutrientId": 1462338,
            "dataPoints": 1
        },
        {
            "nutrientId": 1266,
            "nutrientName": "SFA 18:0",
            "nutrientNumber": "614",
            "unitName": "G",
            "value": 0.001,
            "rank": 10900,
            "indentLevel": 2,
            "foodNutrientId": 1462339,
            "dataPoints": 1
        },
        {
            "nutrientId": 1268,
            "nutrientName": "MUFA 18:1",
            "nutrientNumber": "617",
            "unitName": "G",
            "value": 0.016,
            "rank": 12100,
            "indentLevel": 2,
            "foodNutrientId": 1462340,
            "dataPoints": 1
        },
        {
            "nutrientId": 1269,
            "nutrientName": "PUFA 18:2",
            "nutrientNumber": "618",
            "unitName": "G",
            "value": 0.025,
            "rank": 13100,
            "indentLevel": 2,
            "foodNutrientId": 1462341,
            "dataPoints": 1
        },
        {
            "nutrientId": 1270,
            "nutrientName": "PUFA 18:3",
            "nutrientNumber": "619",
            "unitName": "G",
            "value": 0.0,
            "rank": 13900,
            "indentLevel": 2,
            "foodNutrientId": 1462342,
            "dataPoints": 1
        },
        {
            "nutrientId": 1292,
            "nutrientName": "Fatty acids, total monounsaturated",
            "nutrientNumber": "645",
            "unitName": "G",
            "value": 0.016,
            "rank": 11400,
            "indentLevel": 1,
            "foodNutrientId": 1462343,
            "dataPoints": 0
        },
        {
            "nutrientId": 1293,
            "nutrientName": "Fatty acids, total polyunsaturated",
            "nutrientNumber": "646",
            "unitName": "G",
            "value": 0.025,
            "rank": 12900,
            "indentLevel": 1,
            "foodNutrientId": 1462344,
            "dataPoints": 0
        },
        {
            "nutrientId": 1003,
            "nutrientName": "Protein",
            "nutrientNumber": "203",
            "unitName": "G",
            "value": 0.26,
            "rank": 600,
            "indentLevel": 1,
            "foodNutrientId": 1462345,
            "dataPoints": 5
        },
        {
            "nutrientId": 1007,
            "nutrientName": "Ash",
            "nutrientNumber": "207",
            "unitName": "G",
            "value": 0.09,
            "rank": 1000,
            "indentLevel": 1,
            "foodNutrientId": 1462346,
            "dataPoints": 4
        },
        {
            "nutrientId": 1079,
            "nutrientName": "Fiber, total dietary",
            "nutrientNumber": "291",
            "unitName": "G",
            "value": 0.9,
            "rank": 1200,
            "indentLevel": 3,
            "foodNutrientId": 1462347,
            "dataPoints": 0
        },
        {
            "nutrientId": 1089,
            "nutrientName": "Iron, Fe",
            "nutrientNumber": "303",
            "unitName": "MG",
            "value": 0.47,
            "rank": 5400,
            "indentLevel": 1,
            "foodNutrientId": 1462348,
            "dataPoints": 6
        },
        {
            "nutrientId": 1090,
            "nutrientName": "Magnesium, Mg",
            "nutrientNumber": "304",
            "unitName": "MG",
            "value": 3.0,
            "rank": 5500,
            "indentLevel": 1,
            "foodNutrientId": 1462349,
            "dataPoints": 7
        },
        {
            "nutrientId": 1091,
            "nutrientName": "Phosphorus, P",
            "nutrientNumber": "305",
            "unitName": "MG",
            "value": 13.0,
            "rank": 5600,
            "indentLevel": 1,
            "foodNutrientId": 1462350,
            "dataPoints": 3
        },
        {
            "nutrientId": 1093,
            "nutrientName": "Sodium, Na",
            "nutrientNumber": "307",
            "unitName": "MG",
            "value": 9.0,
            "rank": 5800,
            "indentLevel": 1,
            "foodNutrientId": 1462351,
            "dataPoints": 4
        },
        {
            "nutrientId": 1098,
            "nutrientName": "Copper, Cu",
            "nutrientNumber": "312",
            "unitName": "MG",
            "value": 0.05,
            "rank": 6000,
            "indentLevel": 1,
            "foodNutrientId": 1462352,
            "dataPoints": 2
        },
        {
            "nutrientId": 1101,
            "nutrientName": "Manganese, Mn",
            "nutrientNumber": "315",
            "unitName": "MG",
            "value": 0.053,
            "rank": 6100,
            "indentLevel": 1,
            "foodNutrientId": 1462353,
            "dataPoints": 3
        },
        {
            "nutrientId": 1104,
            "nutrientName": "Vitamin A, IU",
            "nutrientNumber": "318",
            "unitName": "IU",
            "value": 0.0,
            "rank": 7500,
            "indentLevel": 1,
            "foodNutrientId": 1462354,
            "dataPoints": 0
        },
        {
            "nutrientId": 1253,
            "nutrientName": "Cholesterol",
            "nutrientNumber": "601",
            "unitName": "MG",
            "derivationCode": "Z",
            "derivationDescription": "Assumed zero (Insignificant amount or not naturally occurring in a food, such as fiber in meat)",
            "derivationId": 68,
            "value": 0.0,
            "foodNutrientSourceId": 5,
            "foodNutrientSourceCode": "7",
            "foodNutrientSourceDescription": "Assumed zero",
            "rank": 15700,
            "indentLevel": 1,
            "foodNutrientId": 1462355,
            "dataPoints": 0
        },
        {
            "nutrientId": 1258,
            "nutrientName": "Fatty acids, total saturated",
            "nutrientNumber": "606",
            "unitName": "G",
            "value": 0.009,
            "rank": 9700,
            "indentLevel": 1,
            "foodNutrientId": 1462356,
            "dataPoints": 0
        },
        {
            "nutrientId": 1162,
            "nutrientName": "Vitamin C, total ascorbic acid",
            "nutrientNumber": "401",
            "unitName": "MG",
            "value": 0.0,
            "rank": 6300,
            "indentLevel": 1,
            "foodNutrientId": 1462357,
            "dataPoints": 0
        },
        {
            "nutrientId": 1165,
            "nutrientName": "Thiamin",
            "nutrientNumber": "404",
            "unitName": "MG",
            "value": 0.0,
            "rank": 6400,
            "indentLevel": 1,
            "foodNutrientId": 1462358,
            "dataPoints": 1
        },
        {
            "nutrientId": 1166,
            "nutrientName": "Riboflavin",
            "nutrientNumber": "405",
            "unitName": "MG",
            "value": 0.0,
            "rank": 6500,
            "indentLevel": 1,
            "foodNutrientId": 1462359,
            "dataPoints": 1
        },
        {
            "nutrientId": 1177,
            "nutrientName": "Folate, total",
            "nutrientNumber": "417",
            "unitName": "UG",
            "value": 0.0,
            "rank": 6900,
            "indentLevel": 1,
            "foodNutrientId": 1462360,
            "dataPoints": 1
        },
        {
            "nutrientId": 1178,
            "nutrientName": "Vitamin B-12",
            "nutrientNumber": "418",
            "unitName": "UG",
            "derivationCode": "Z",
            "derivationDescription": "Assumed zero (Insignificant amount or not naturally occurring in a food, such as fiber in meat)",
            "derivationId": 68,
            "value": 0.0,
            "foodNutrientSourceId": 5,
            "foodNutrientSourceCode": "7",
            "foodNutrientSourceDescription": "Assumed zero",
            "rank": 7300,
            "indentLevel": 1,
            "foodNutrientId": 1462361,
            "dataPoints": 0
        },
        {
            "nutrientId": 1210,
            "nutrientName": "Tryptophan",
            "nutrientNumber": "501",
            "unitName": "G",
            "value": 0.001,
            "rank": 16300,
            "indentLevel": 1,
            "foodNutrientId": 1462362,
            "dataPoints": 76
        },
        {
            "nutrientId": 1211,
            "nutrientName": "Threonine",
            "nutrientNumber": "502",
            "unitName": "G",
            "value": 0.009,
            "rank": 16400,
            "indentLevel": 1,
            "foodNutrientId": 1462363,
            "dataPoints": 11
        },
        {
            "nutrientId": 1215,
            "nutrientName": "Methionine",
            "nutrientNumber": "506",
            "unitName": "G",
            "value": 0.006,
            "rank": 16800,
            "indentLevel": 1,
            "foodNutrientId": 1462364,
            "dataPoints": 10
        },
        {
            "nutrientId": 1217,
            "nutrientName": "Phenylalanine",
            "nutrientNumber": "508",
            "unitName": "G",
            "value": 0.013,
            "rank": 17000,
            "indentLevel": 1,
            "foodNutrientId": 1462365,
            "dataPoints": 11
        },
        {
            "nutrientId": 1218,
            "nutrientName": "Tyrosine",
            "nutrientNumber": "509",
            "unitName": "G",
            "value": 0.01,
            "rank": 17100,
            "indentLevel": 1,
            "foodNutrientId": 1462366,
            "dataPoints": 11
        },
        {
            "nutrientId": 1222,
            "nutrientName": "Alanine",
            "nutrientNumber": "513",
            "unitName": "G",
            "value": 0.019,
            "rank": 17500,
            "indentLevel": 1,
            "foodNutrientId": 1462367,
            "dataPoints": 10
        },
        {
            "nutrientId": 1224,
            "nutrientName": "Glutamic acid",
            "nutrientNumber": "515",
            "unitName": "G",
            "value": 0.053,
            "rank": 17700,
            "indentLevel": 1,
            "foodNutrientId": 1462368,
            "dataPoints": 11
        },
        {
            "nutrientId": 1225,
            "nutrientName": "Glycine",
            "nutrientNumber": "516",
            "unitName": "G",
            "value": 0.009,
            "rank": 17800,
            "indentLevel": 1,
            "foodNutrientId": 1462369,
            "dataPoints": 11
        },
        {
            "nutrientId": 1226,
            "nutrientName": "Proline",
            "nutrientNumber": "517",
            "unitName": "G",
            "value": 0.024,
            "rank": 17900,
            "indentLevel": 1,
            "foodNutrientId": 1462370,
            "dataPoints": 11
        },
        {
            "nutrientId": 1114,
            "nutrientName": "Vitamin D (D2 + D3)",
            "nutrientNumber": "328",
            "unitName": "UG",
            "derivationCode": "Z",
            "derivationDescription": "Assumed zero (Insignificant amount or not naturally occurring in a food, such as fiber in meat)",
            "derivationId": 68,
            "value": 0.0,
            "foodNutrientSourceId": 5,
            "foodNutrientSourceCode": "7",
            "foodNutrientSourceDescription": "Assumed zero",
            "rank": 8700,
            "indentLevel": 1,
            "foodNutrientId": 1462371,
            "dataPoints": 0
        },
        {
            "nutrientId": 1103,
            "nutrientName": "Selenium, Se",
            "nutrientNumber": "317",
            "unitName": "UG",
            "derivationCode": "A",
            "derivationDescription": "Analytical",
            "derivationId": 1,
            "value": 2.8,
            "foodNutrientSourceId": 1,
            "foodNutrientSourceCode": "1",
            "foodNutrientSourceDescription": "Analytical or derived from analytical",
            "rank": 6200,
            "indentLevel": 1,
            "foodNutrientId": 1462372,
            "dataPoints": 8
        }
    ],
    "finalFoodInputFoods": [],
    "foodMeasures": [],
    "foodAttributes": [],
    "foodAttributeTypes": [],
    "foodVersionIds": []
}