{
    "fdcId": 2707487,
    "description": "Almonds, salted",
    "commonNames": "",
    "additionalDescriptions": "sea salt;roasted;not coated;plain;NS as to salt",
    "dataType": "Survey (FNDDS)",
    "foodCode": 42101110,
    "publishedDate": "2024-10-31",
    "foodCategory": "Nuts and seeds",
    "foodCategoryId": 3302522,
    "allHighlightFields": "<b>Includes</b>: sea <em>salt</em>;roasted;not coated;plain;NS as to <em>salt</em>",
    "score": 257.57394,
    "microbes": [],
    "foodNutrients": [
        {
            "nutrientId": 1003,
            "nutrientName": "Protein",
            "nutrientNumber": "203",
            "unitName": "G",
            "value": 20.13,
            "rank": 600,
            "indentLevel": 1,
            "foodNutrientId": 34272854
        },
        {
            "nutrientId": 1004,
            "nutrientName": "Total lipid (fat)",
            "nutrientNumber": "204",
            "unitName": "G",
            "value": 53.43,
            "rank": 800,
            "indentLevel": 1,
            "foodNutrientId": 34272855
        },
        {
            "nutrientId": 1005,
            "nutrientName": "Carbohydrate, by difference",
            "nutrientNumber": "205",
            "unitName": "G",
            "value": 20.18,
            "rank": 1110,
            "indentLevel": 2,
            "foodNutrientId": 34272856
        },
        {
            "nutrientId": 1008,
            "nutrientName": "Energy",
            "nutrientNumber": "208",
            "unitName": "KCAL",
            "value": 601,
            "rank": 300,
            "indentLevel": 1,
            "foodNutrientId": 34272857
        },
        {
            "nutrientId": 1018,
            "nutrientName": "Alcohol, ethyl",
            "nutrientNumber": "221",
            "unitName": "G",
            "value": 0,
            "rank": 18200,
            "indentLevel": 1,
            "foodNutrientId": 34272858
        },
        {
            "nutrientId": 1051,
            "nutrientName": "Water",
            "nutrientNumber": "255",
            "unitName": "G",
            "value": 2.32,
            "rank": 100,
            "indentLevel": 1,
            "foodNutrientId": 34272859
        },
        {
            "nutrientId": 1057,
            "nutrientName": "Caffeine",
            "nutrientNumber": "262",
            "unitName": "MG",
            "value": 0,
            "rank": 18300,
            "indentLevel": 0,
            "foodNutrientId": 34272860
        },
        {
            "nutrientId": 1058,
            "nutrientName": "Theobromine",
            "nutrientNumber": "263",
            "unitName": "MG",
            "value": 0,
            "rank": 18400,
            "indentLevel": 0,
            "foodNutrientId": 34272861
        },
        {
            "nutrientId": 2000,
            "nutrientName": "Total Sugars",
            "nutrientNumber": "269",
            "unitName": "G",
            "value": 4.67,
            "rank": 1510,
            "indentLevel": 3,
            "foodNutrientId": 34272862
        },
        {
            "nutrientId": 1079,
            "nutrientName": "Fiber, total dietary",
            "nutrientNumber": "291",
            "unitName": "G",
            "value": 10.5,
            "rank": 1200,
            "indentLevel": 3,
            "foodNutrientId": 34272863
        },
        {
            "nutrientId": 1087,
            "nutrientName": "Calcium, Ca",
            "nutrientNumber": "301",
            "unitName": "MG",
            "value": 258,
            "rank": 5300,
            "indentLevel": 1,
            "foodNutrientId": 34272864
        },
        {
            "nutrientId": 1089,
            "nutrientName": "Iron, Fe",
            "nutrientNumber": "303",
            "unitName": "MG",
            "value": 3.59,
            "rank": 5400,
            "indentLevel": 1,
            "foodNutrientId": 34272865
        },
        {
            "nutrientId": 1090,
            "nutrientName": "Magnesium, Mg",
            "nutrientNumber": "304",
            "unitName": "MG",
            "value": 268,
            "rank": 5500,
            "indentLevel": 1,
            "foodNutrientId": 34272866
        },
        {
            "nutrientId": 1091,
            "nutrientName": "Phosphorus, P",
            "nutrientNumber": "305",
            "unitName": "MG",
            "value": 452,
            "rank": 5600,
            "indentLevel": 1,
            "foodNutrientId": 34272867
        },
        {
            "nutrientId": 1092,
            "nutrientName": "Potassium, K",
            "nutrientNumber": "306",
            "unitName": "MG",
            "value": 685,
            "rank": 5700,
            "indentLevel": 1,
            "foodNutrientId": 34272868
        },
        {
            "nutrientId": 1093,
            "nutrientName": "Sodium, Na",
            "nutrientNumber": "307",
            "unitName": "MG",
            "value": 386,
            "rank": 5800,
            "indentLevel": 1,
            "foodNutrientId": 34272869
        },
        {
            "nutrientId": 1095,
            "nutrientName": "Zinc, Zn",
            "nutrientNumber": "309",
            "unitName": "MG",
            "value": 3.18,
            "rank": 5900,
            "indentLevel": 1,
            "foodNutrientId": 34272870
        },
        {
            "nutrientId": 1098,
            "nutrientName": "Copper, Cu",
            "nutrientNumber": "312",
            "unitName": "MG",
            "value": 1.055,
            "rank": 6000,
            "indentLevel": 1,
            "foodNutrientId": 34272871
        },
        {
            "nutrientId": 1103,
            "nutrientName": "Selenium, Se",
            "nutrientNumber": "317",
            "unitName": "UG",
            "value": 1.9,
            "rank": 6200,
            "indentLevel": 1,
            "foodNutrientId": 34272872
        },
        {
            "nutrientId": 1105,
            "nutrientName": "Retinol",
            "nutrientNumber": "319",
            "unitName": "UG",
            "value": 0,
            "rank": 7430,
            "indentLevel": 2,
            "foodNutrientId": 34272873
        },
        {
            "nutrientId": 1106,
            "nutrientName": "Vitamin A, RAE",
            "nutrientNumber": "320",
            "unitName": "UG",
            "value": 0,
            "rank": 7420,
            "indentLevel": 1,
            "foodNutrientId": 34272874
        },
        {
            "nutrientId": 1107,
            "nutrientName": "Carotene, beta",
            "nutrientNumber": "321",
            "unitName": "UG",
            "value": 1,
            "rank": 7440,
            "indentLevel": 2,
            "foodNutrientId": 34272875
        },
        {
            "nutrientId": 1108,
            "nutrientName": "Carotene, alpha",
            "nutrientNumber": "322",
            "unitName": "UG",
            "value": 0,
            "rank": 7450,
            "indentLevel": 2,
            "foodNutrientId": 34272876
        },
        {
            "nutrientId": 1109,
            "nutrientName": "Vitamin E (alpha-tocopherol)",
            "nutrientNumber": "323",
            "unitName": "MG",
            "value": 23.52,
            "rank": 7905,
            "indentLevel": 1,
            "foodNutrientId": 34272877
        },
        {
            "nutrientId": 1114,
            "nutrientName": "Vitamin D (D2 + D3)",
            "nutrientNumber": "328",
            "unitName": "UG",
            "value": 0,
            "rank": 8700,
            "indentLevel": 1,
            "foodNutrientId": 34272878
        },
        {
            "nutrientId": 1120,
            "nutrientName": "Cryptoxanthin, beta",
            "nutrientNumber": "334",
            "unitName": "UG",
            "value": 0,
            "rank": 7460,
            "indentLevel": 2,
            "foodNutrientId": 34272879
        },
        {
            "nutrientId": 1122,
            "nutrientName": "Lycopene",
            "nutrientNumber": "337",
            "unitName": "UG",
            "value": 0,
            "rank": 7530,
            "indentLevel": 1,
            "foodNutrientId": 34272880
        },
        {
            "nutrientId": 1123,
            "nutrientName": "Lutein + zeaxanthin",
            "nutrientNumber": "338",
            "unitName": "UG",
            "value": 1,
            "rank": 7560,
            "indentLevel": 1,
            "foodNutrientId": 34272881
        },
        {
            "nutrientId": 1162,
            "nutrientName": "Vitamin C, total ascorbic acid",
            "nutrientNumber": "401",
            "unitName": "MG",
            "value": 0,
            "rank": 6300,
            "indentLevel": 1,
            "foodNutrientId": 34272882
        },
        {
            "nutrientId": 1165,
            "nutrientName": "Thiamin",
            "nutrientNumber": "404",
            "unitName": "MG",
            "value": 0.074,
            "rank": 6400,
            "indentLevel": 1,
            "foodNutrientId": 34272883
        },
        {
            "nutrientId": 1166,
            "nutrientName": "Riboflavin",
            "nutrientNumber": "405",
            "unitName": "MG",
            "value": 1.15,
            "rank": 6500,
            "indentLevel": 1,
            "foodNutrientId": 34272884
        },
        {
            "nutrientId": 1167,
            "nutrientName": "Niacin",
            "nutrientNumber": "406",
            "unitName": "MG",
            "value": 3.493,
            "rank": 6600,
            "indentLevel": 1,
            "foodNutrientId": 34272885
        },
        {
            "nutrientId": 1175,
            "nutrientName": "Vitamin B-6",
            "nutrientNumber": "415",
            "unitName": "MG",
            "value": 0.131,
            "rank": 6800,
            "indentLevel": 1,
            "foodNutrientId": 34272886
        },
        {
            "nutrientId": 1177,
            "nutrientName": "Folate, total",
            "nutrientNumber": "417",
            "unitName": "UG",
            "value": 53,
            "rank": 6900,
            "indentLevel": 1,
            "foodNutrientId": 34272887
        },
        {
            "nutrientId": 1178,
            "nutrientName": "Vitamin B-12",
            "nutrientNumber": "418",
            "unitName": "UG",
            "value": 0,
            "rank": 7300,
            "indentLevel": 1,
            "foodNutrientId": 34272888
        },
        {
            "nutrientId": 1180,
            "nutrientName": "Choline, total",
            "nutrientNumber": "421",
            "unitName": "MG",
            "value": 50,
            "rank": 7220,
            "indentLevel": 1,
            "foodNutrientId": 34272889
        },
        {
            "nutrientId": 1185,
            "nutrientName": "Vitamin K (phylloquinone)",
            "nutrientNumber": "430",
            "unitName": "UG",
            "value": 3,
            "rank": 8800,
            "indentLevel": 1,
            "foodNutrientId": 34272890
        },
        {
            "nutrientId": 1186,
            "nutrientName": "Folic acid",
            "nutrientNumber": "431",
            "unitName": "UG",
            "value": 0,
            "rank": 7000,
            "indentLevel": 0,
            "foodNutrientId": 34272891
        },
        {
            "nutrientId": 1187,
            "nutrientName": "Folate, food",
            "nutrientNumber": "432",
            "unitName": "UG",
            "value": 53,
            "rank": 7100,
            "indentLevel": 1,
            "foodNutrientId": 34272892
        },
        {
            "nutrientId": 1190,
            "nutrientName": "Folate, DFE",
            "nutrientNumber": "435",
            "unitName": "UG",
            "value": 53,
            "rank": 7200,
            "indentLevel": 1,
            "foodNutrientId": 34272893
        },
        {
            "nutrientId": 1242,
            "nutrientName": "Vitamin E, added",
            "nutrientNumber": "573",
            "unitName": "MG",
            "value": 0,
            "rank": 7920,
            "indentLevel": 0,
            "foodNutrientId": 34272894
        },
        {
            "nutrientId": 1246,
            "nutrientName": "Vitamin B-12, added",
            "nutrientNumber": "578",
            "unitName": "UG",
            "value": 0,
            "rank": 7340,
            "indentLevel": 0,
            "foodNutrientId": 34272895
        },
        {
            "nutrientId": 1253,
            "nutrientName": "Cholesterol",
            "nutrientNumber": "601",
            "unitName": "MG",
            "value": 0,
            "rank": 15700,
            "indentLevel": 1,
            "foodNutrientId": 34272896
        },
        {
            "nutrientId": 1258,
            "nutrientName": "Fatty acids, total saturated",
            "nutrientNumber": "606",
            "unitName": "G",
            "value": 4.327,
            "rank": 9700,
            "indentLevel": 1,
            "foodNutrientId": 34272897
        },
        {
            "nutrientId": 1259,
            "nutrientName": "SFA 4:0",
            "nutrientNumber": "607",
            "unitName": "G",
            "value": 0,
            "rank": 9800,
            "indentLevel": 2,
            "foodNutrientId": 34272898
        },
        {
            "nutrientId": 1260,
            "nutrientName": "SFA 6:0",
            "nutrientNumber": "608",
            "unitName": "G",
            "value": 0,
            "rank": 9900,
            "indentLevel": 2,
            "foodNutrientId": 34272899
        },
        {
            "nutrientId": 1261,
            "nutrientName": "SFA 8:0",
            "nutrientNumber": "609",
            "unitName": "G",
            "value": 0,
            "rank": 10000,
            "indentLevel": 2,
            "foodNutrientId": 34272900
        },
        {
            "nutrientId": 1262,
            "nutrientName": "SFA 10:0",
            "nutrientNumber": "610",
            "unitName": "G",
            "value": 0,
            "rank": 10100,
            "indentLevel": 2,
            "foodNutrientId": 34272901
        },
        {
            "nutrientId": 1263,
            "nutrientName": "SFA 12:0",
            "nutrientNumber": "611",
            "unitName": "G",
            "value": 0,
            "rank": 10300,
            "indentLevel": 2,
            "foodNutrientId": 34272902
        },
        {
            "nutrientId": 1264,
            "nutrientName": "SFA 14:0",
            "nutrientNumber": "612",
            "unitName": "G",
            "value": 0.02,
            "rank": 10500,
            "indentLevel": 2,
            "foodNutrientId": 34272903
        },
        {
            "nutrientId": 1265,
            "nutrientName": "SFA 16:0",
            "nutrientNumber": "613",
            "unitName": "G",
            "value": 3.5,
            "rank": 10700,
            "indentLevel": 2,
            "foodNutrientId": 34272904
        },
        {
            "nutrientId": 1266,
            "nutrientName": "SFA 18:0",
            "nutrientNumber": "614",
            "unitName": "G",
            "value": 0.762,
            "rank": 10900,
            "indentLevel": 2,
            "foodNutrientId": 34272905
        },
        {
            "nutrientId": 1268,
            "nutrientName": "MUFA 18:1",
            "nutrientNumber": "617",
            "unitName": "G",
            "value": 32.683,
            "rank": 12100,
            "indentLevel": 2,
            "foodNutrientId": 34272906
        },
        {
            "nutrientId": 1269,
            "nutrientName": "PUFA 18:2",
            "nutrientNumber": "618",
            "unitName": "G",
            "value": 13.442,
            "rank": 13100,
            "indentLevel": 2,
            "foodNutrientId": 34272907
        },
        {
            "nutrientId": 1270,
            "nutrientName": "PUFA 18:3",
            "nutrientNumber": "619",
            "unitName": "G",
            "value": 0.139,
            "rank": 13900,
            "indentLevel": 2,
            "foodNutrientId": 34272908
        },
        {
            "nutrientId": 1271,
            "nutrientName": "PUFA 20:4",
            "nutrientNumber": "620",
            "unitName": "G",
            "value": 0,
            "rank": 14700,
            "indentLevel": 2,
            "foodNutrientId": 34272909
        },
        {
            "nutrientId": 1272,
            "nutrientName": "PUFA 22:6 n-3 (DHA)",
            "nutrientNumber": "621",
            "unitName": "G",
            "value": 0,
            "rank": 15300,
            "indentLevel": 2,
            "foodNutrientId": 34272910
        },
        {
            "nutrientId": 1275,
            "nutrientName": "MUFA 16:1",
            "nutrientNumber": "626",
            "unitName": "G",
            "value": 0.259,
            "rank": 11700,
            "indentLevel": 2,
            "foodNutrientId": 34272911
        },
        {
            "nutrientId": 1276,
            "nutrientName": "PUFA 18:4",
            "nutrientNumber": "627",
            "unitName": "G",
            "value": 0,
            "rank": 14250,
            "indentLevel": 2,
            "foodNutrientId": 34272912
        },
        {
            "nutrientId": 1277,
            "nutrientName": "MUFA 20:1",
            "nutrientNumber": "628",
            "unitName": "G",
            "value": 0.027,
            "rank": 12400,
            "indentLevel": 2,
            "foodNutrientId": 34272913
        },
        {
            "nutrientId": 1278,
            "nutrientName": "PUFA 20:5 n-3 (EPA)",
            "nutrientNumber": "629",
            "unitName": "G",
            "value": 0,
            "rank": 15000,
            "indentLevel": 2,
            "foodNutrientId": 34272914
        },
        {
            "nutrientId": 1279,
            "nutrientName": "MUFA 22:1",
            "nutrientNumber": "630",
            "unitName": "G",
            "value": 0,
            "rank": 12500,
            "indentLevel": 2,
            "foodNutrientId": 34272915
        },
        {
            "nutrientId": 1280,
            "nutrientName": "PUFA 22:5 n-3 (DPA)",
            "nutrientNumber": "631",
            "unitName": "G",
            "value": 0,
            "rank": 15200,
            "indentLevel": 2,
            "foodNutrientId": 34272916
        },
        {
            "nutrientId": 1292,
            "nutrientName": "Fatty acids, total monounsaturated",
            "nutrientNumber": "645",
            "unitName": "G",
            "value": 33.025,
            "rank": 11400,
            "indentLevel": 1,
            "foodNutrientId": 34272917
        },
        {
            "nutrientId": 1293,
            "nutrientName": "Fatty acids, total polyunsaturated",
            "nutrientNumber": "646",
            "unitName": "G",
            "value": 13.583,
            "rank": 12900,
            "indentLevel": 1,
            "foodNutrientId": 34272918
        }
    ],
    "finalFoodInputFoods": [
        {
            "foodDescription": "Nuts, almonds, dry roasted, without salt added",
            "gramWeight": 97,
            "id": 132324,
            "portionCode": "0",
            "portionDescription": "NONE",
            "unit": "GM",
            "rank": 1,
            "retentionCode": 0,
            "srCode": 12063,
            "value": 97.0
        },
        {
            "foodDescription": "Salt, table",
            "gramWeight": 1,
            "id": 132326,
            "portionCode": "0",
            "portionDescription": "NONE",
            "unit": "GM",
            "rank": 3,
            "retentionCode": 0,
            "srCode": 2047,
            "value": 1.0
        },
        {
            "foodDescription": "Vegetable oil, NFS",
            "gramWeight": 3,
            "id": 132325,
            "portionCode": "0",
            "portionDescription": "NONE",
            "unit": "GM",
            "rank": 2,
            "retentionCode": 0,
            "srCode": 82101000,
            "value": 3.0
        }
    ],
    "foodMeasures": [
        {
            "disseminationText": "1 package",
            "gramWeight": 50,
            "id": 298281,
            "modifier": "61528",
            "rank": 3,
            "measureUnitAbbreviation": "undetermined",
            "measureUnitName": "undetermined",
            "measureUnitId": 9999
        },
        {
            "disseminationText": "1 cup",
            "gramWeight": 141,
            "id": 298280,
            "modifier": "10205",
            "rank": 2,
            "measureUnitAbbreviation": "undetermined",
            "measureUnitName": "undetermined",
            "measureUnitId": 9999
        },
        {
            "disseminationText": "1 100 calorie package",
            "gramWeight": 18,
            "id": 298282,
            "modifier": "64138",
            "rank": 4,
            "measureUnitAbbreviation": "undetermined",
            "measureUnitName": "undetermined",
            "measureUnitId": 9999
        },
        {
            "disseminationText": "1 oz",
            "gramWeight": 28.35,
            "id": 298283,
            "modifier": "40000",
            "rank": 5,
            "measureUnitAbbreviation": "undetermined",
            "measureUnitName": "undetermined",
            "measureUnitId": 9999
        },
        {
            "disseminationText": "1 nut",
            "gramWeight": 1.2,
            "id": 298279,
            "modifier": "61509",
            "rank": 1,
            "measureUnitAbbreviation": "undetermined",
            "measureUnitName": "undetermined",
            "measureUnitId": 9999
        },
        {
            "disseminationText": "Quantity not specified",
            "gramWeight": 28,
            "id": 298284,
            "modifier": "90000",
            "rank": 6,
            "measureUnitAbbreviation": "undetermined",
            "measureUnitName": "undetermined",
            "measureUnitId": 9999
        }
    ],
    "foodAttributes": [
        {
            "value": "not coated",
            "id": 3312472,
            "sequenceNumber": 4
        },
        {
            "value": "roasted",
            "id": 3312471,
            "sequenceNumber": 3
        },
        {
            "value": "Moisture change: 0%",
            "id": 3320927
        },
        {
            "value": "NS as to salt",
            "id": 3312469,
            "sequenceNumber": 1
        },
        {
            "value": "Nuts and seeds",
            "name": "WWEIA Category description",
            "id": 3302522
        },
        {
            "value": "sea salt",
            "id": 3312473,
            "sequenceNumber": 5
        },
        {
            "value": "2804",
            "name": "WWEIA Category number",
            "id": 3302521
        },
        {
            "value": "plain",
            "id": 3312470,
            "sequenceNumber": 2
        }
    ],
    "foodAttributeTypes": [
        {
            "name": "Additional Description",
            "description": "Additional descriptions for the food.",
            "id": 1001,
            "foodAttributes": [
                {
                    "value": "not coated",
                    "id": 3312472,
                    "sequenceNumber": 4
                },
                {
                    "value": "roasted",
                    "id": 3312471,
                    "sequenceNumber": 3
                },
                {
                    "value": "NS as to salt",
                    "id": 3312469,
                    "sequenceNumber": 1
                },
                {
                    "value": "sea salt",
                    "id": 3312473,
                    "sequenceNumber": 5
                },
                {
                    "value": "plain",
                    "id": 3312470,
                    "sequenceNumber": 2
                }
            ]
        },
        {
            "name": "Adjustments",
            "description": "Adjustments made to foods, including moisture changes",
            "id": 1002,
            "foodAttributes": [
                {
                    "value": "Moisture change: 0%",
                    "id": 3320927
                }
            ]
        },
        {
            "name": "Attribute",
            "description": "Generic attributes",
            "id": 999,
            "foodAttributes": [
                {
                    "value": "Nuts and seeds",
                    "name": "WWEIA Category description",
                    "id": 3302522
                },
                {
                    "value": "2804",
                    "name": "WWEIA Category number",
                    "id": 3302521
                }
            ]
        }
    ],
    "foodVersionIds": []
}